fraud_case_id,transaction_id,alert_date,fraud_type,investigation_status,chargeback_amount,loss_amount,model_score
1,134495,2025-08-19,friendly_fraud,false_positive,7360.74,5029.32,0.338
2,67707,2025-01-21,identity_theft,recovered,5798.21,5629.02,0.827
3,62044,2025-07-02,card_not_present,confirmed_fraud,7208.73,4553.33,0.296
4,47793,2025-09-13,account_takeover,under_review,2218.64,3722.64,0.897
5,64404,2025-09-25,card_not_present,under_review,2193.78,4137.88,0.264
6,138034,2025-04-18,counterfeit,false_positive,4011.14,2583.16,0.637
7,66466,2025-05-03,identity_theft,recovered,7109.16,3363.42,0.853
8,170724,2025-07-07,counterfeit,confirmed_fraud,440.62,5490.97,0.06
9,158497,2025-10-19,identity_theft,false_positive,6287.35,1623.12,0.969
10,86497,2025-03-24,friendly_fraud,confirmed_fraud,2195.67,2771.24,0.104
11,104162,2025-12-04,account_takeover,confirmed_fraud,5196.43,2162.87,0.202
12,62655,2025-09-17,friendly_fraud,confirmed_fraud,1528.96,5029.68,0.048
13,89050,2025-01-13,merchant_collusion,false_positive,1196.59,53.98,0.345
14,33036,2025-10-25,card_not_present,false_positive,5470.84,708.67,0.665
15,179748,2025-10-06,account_takeover,confirmed_fraud,4900.58,3801.18,0.205
16,105242,2025-05-31,counterfeit,recovered,2993.57,3525.75,0.812
17,168512,2025-05-30,card_not_present,under_review,5712.9,2274.06,0.981
18,124507,2025-11-03,merchant_collusion,under_review,6726.98,166.78,0.813
19,149608,2025-03-06,friendly_fraud,confirmed_fraud,598.24,4164.51,0.184
20,44144,2025-06-10,merchant_collusion,false_positive,4051.94,5694.94,0.259
21,122085,2025-08-22,card_not_present,recovered,999.6,4851.94,0.233
22,25248,2025-01-03,merchant_collusion,confirmed_fraud,4770.22,1570.71,0.355
23,69843,2025-08-07,merchant_collusion,under_review,5651.51,61.57,0.436
24,42795,2025-05-25,card_not_present,under_review,6129.22,1063.8,0.662
25,75462,2025-07-02,card_not_present,recovered,249.18,4842.26,0.201
26,79053,2025-09-27,card_not_present,confirmed_fraud,5543.13,2556.56,0.029
27,19917,2025-06-10,merchant_collusion,recovered,6568.8,1118.91,0.7
28,90847,2025-05-09,account_takeover,false_positive,739.5,3529.0,0.195
29,4606,2025-01-05,merchant_collusion,under_review,7264.63,5076.14,0.826
30,6474,2025-07-16,identity_theft,false_positive,1740.35,3371.73,0.993
31,15225,2025-06-28,account_takeover,confirmed_fraud,3498.38,2252.22,0.449
32,58851,2025-09-01,account_takeover,confirmed_fraud,7622.51,3700.5,0.352
33,69915,2025-04-20,counterfeit,false_positive,5452.4,5120.91,0.673
34,60762,2025-09-24,counterfeit,confirmed_fraud,96.5,1730.14,0.565
35,33565,2025-05-21,account_takeover,under_review,7719.8,3425.53,0.91
36,157316,2025-01-26,identity_theft,confirmed_fraud,3131.43,3245.65,0.786
37,169608,2025-07-27,card_not_present,recovered,720.76,2731.31,0.16
38,8836,2025-07-31,merchant_collusion,under_review,7778.67,1050.91,0.894
39,133893,2025-12-14,friendly_fraud,under_review,3467.53,3930.15,0.014
40,77362,2025-08-26,account_takeover,confirmed_fraud,3473.58,2819.07,0.331
41,54704,2025-05-09,card_not_present,confirmed_fraud,5084.55,2069.45,0.908
42,81723,2025-07-25,identity_theft,recovered,6278.26,2808.84,0.18
43,108615,2025-03-24,identity_theft,false_positive,6843.61,1084.49,0.626
44,131822,2025-02-08,card_not_present,recovered,5976.71,4192.69,0.419
45,61552,2025-04-15,friendly_fraud,confirmed_fraud,875.03,5918.62,0.865
46,46502,2025-06-27,counterfeit,recovered,7663.5,5976.5,0.649
47,63373,2025-04-29,account_takeover,recovered,3338.6,684.2,0.808
48,13851,2025-05-02,account_takeover,confirmed_fraud,6835.46,1616.22,0.596
49,121294,2025-03-31,counterfeit,false_positive,4740.56,534.45,0.88
50,4833,2025-04-07,friendly_fraud,confirmed_fraud,2447.11,1906.0,0.569
51,84312,2025-07-29,account_takeover,false_positive,7945.98,73.52,0.311
52,85722,2025-03-31,card_not_present,confirmed_fraud,4806.15,2484.5,0.911
53,177813,2025-02-12,card_not_present,recovered,5495.94,4079.78,0.83
54,13104,2025-12-24,account_takeover,recovered,6359.21,2178.51,0.631
55,135426,2025-10-08,merchant_collusion,false_positive,7519.6,3266.45,0.989
56,51829,2025-02-05,counterfeit,confirmed_fraud,3326.7,5799.89,0.259
57,84996,2025-10-25,merchant_collusion,under_review,6945.72,2408.77,0.327
58,14428,2025-08-05,identity_theft,confirmed_fraud,6161.28,4469.88,0.411
59,81137,2025-05-23,account_takeover,recovered,4126.94,3337.23,0.876
60,57113,2025-11-16,friendly_fraud,confirmed_fraud,4444.96,133.93,0.47
61,72040,2025-05-21,merchant_collusion,recovered,6756.72,1675.45,0.339
62,47289,2025-12-15,card_not_present,under_review,628.82,5311.9,0.373
63,98463,2025-09-30,account_takeover,false_positive,6802.78,4788.21,0.784
64,166827,2025-09-05,counterfeit,confirmed_fraud,3205.71,5912.43,0.105
65,71855,2025-12-23,card_not_present,confirmed_fraud,104.49,1354.23,0.864
66,120844,2025-07-23,counterfeit,false_positive,7059.54,215.57,0.819
67,9981,2025-06-29,identity_theft,confirmed_fraud,6773.1,990.62,0.667
68,72167,2025-07-02,identity_theft,false_positive,4624.72,3521.96,0.875
69,134840,2025-08-01,counterfeit,confirmed_fraud,4062.97,1513.83,0.028
70,92702,2025-07-03,identity_theft,under_review,2409.59,883.72,0.298
71,531,2025-05-25,account_takeover,confirmed_fraud,3560.36,3782.56,0.795
72,14607,2025-08-17,friendly_fraud,confirmed_fraud,94.77,5031.46,0.157
73,123732,2025-04-13,identity_theft,recovered,2045.71,4336.7,0.39
74,121338,2025-08-13,counterfeit,false_positive,6562.57,3484.61,0.329
75,84857,2025-01-23,card_not_present,recovered,5514.72,4550.67,0.438
76,6880,2025-11-26,card_not_present,recovered,1284.28,1061.24,0.615
77,98910,2025-02-16,friendly_fraud,under_review,2257.15,917.28,0.922
78,103952,2025-01-11,card_not_present,under_review,2062.77,2601.43,0.107
79,43002,2025-01-04,counterfeit,false_positive,6747.23,2305.75,0.204
80,102107,2025-07-27,identity_theft,recovered,2656.74,1212.64,0.724
81,168792,2025-03-07,identity_theft,confirmed_fraud,4226.23,565.81,0.037
82,136307,2025-10-07,identity_theft,recovered,4002.23,4615.63,0.938
83,134431,2025-10-06,account_takeover,under_review,7999.63,5156.0,0.531
84,112269,2025-08-31,friendly_fraud,false_positive,2646.18,5468.58,0.128
85,21684,2025-01-13,counterfeit,under_review,1430.44,839.14,0.974
86,110931,2025-09-18,counterfeit,recovered,3553.8,4515.5,0.034
87,66292,2025-11-29,friendly_fraud,under_review,4205.7,5152.02,0.238
88,43370,2025-03-27,card_not_present,false_positive,6393.48,2516.46,0.511
89,131332,2025-03-22,merchant_collusion,false_positive,1295.17,1106.14,0.113
90,77143,2025-09-17,identity_theft,recovered,2183.55,5950.1,0.645
91,146150,2025-10-10,card_not_present,false_positive,2003.53,1359.03,0.489
92,126009,2025-01-09,merchant_collusion,recovered,3900.16,3733.86,0.69
93,33919,2025-11-24,merchant_collusion,confirmed_fraud,5874.42,887.25,0.198
94,161818,2025-01-17,identity_theft,confirmed_fraud,784.39,376.04,0.094
95,99800,2025-09-23,merchant_collusion,under_review,7891.77,5945.97,0.32
96,5807,2025-04-11,friendly_fraud,under_review,6485.43,1140.12,0.411
97,75341,2025-02-01,identity_theft,confirmed_fraud,7351.58,1935.84,0.713
98,1789,2025-03-22,merchant_collusion,recovered,7475.8,1350.38,0.473
99,8923,2025-06-05,identity_theft,confirmed_fraud,2700.66,2483.92,0.914
100,132730,2025-10-11,identity_theft,confirmed_fraud,5051.19,5648.03,0.706
101,77829,2025-08-07,card_not_present,recovered,407.23,5646.73,0.872
102,92528,2025-02-07,identity_theft,under_review,7201.14,5808.6,0.589
103,128705,2025-09-17,counterfeit,recovered,5369.0,4447.26,0.96
104,43477,2025-01-24,counterfeit,under_review,2378.91,5229.38,0.656
105,4212,2025-01-14,friendly_fraud,confirmed_fraud,7096.17,1593.87,0.56
106,70515,2025-01-26,merchant_collusion,false_positive,5449.92,1733.07,0.33
107,40009,2025-04-08,account_takeover,under_review,5119.91,1576.18,0.843
108,128929,2025-08-29,identity_theft,confirmed_fraud,4931.28,2992.4,0.807
109,120504,2025-10-11,friendly_fraud,recovered,585.96,2124.1,0.552
110,133481,2025-10-10,account_takeover,false_positive,2105.48,1270.3,0.149
111,10582,2025-06-11,account_takeover,under_review,3314.94,2264.17,0.983
112,169008,2025-03-07,account_takeover,confirmed_fraud,7230.86,5486.73,0.328
113,43137,2025-09-17,card_not_present,recovered,1363.36,5051.77,0.471
114,108194,2025-03-14,counterfeit,recovered,4054.69,5364.56,0.673
115,59225,2025-06-18,card_not_present,false_positive,1330.38,2352.56,0.901
116,27095,2025-11-11,counterfeit,recovered,662.77,1349.76,0.463
117,93763,2025-05-28,counterfeit,confirmed_fraud,5817.75,3607.32,0.067
118,35645,2025-02-04,friendly_fraud,false_positive,5688.63,3300.49,0.832
119,145044,2025-10-22,account_takeover,under_review,7715.29,5986.83,0.366
120,111215,2025-09-16,identity_theft,under_review,3940.65,940.65,0.344
121,149691,2025-05-24,merchant_collusion,under_review,5559.52,14.6,0.818
122,29545,2025-01-17,counterfeit,confirmed_fraud,3414.51,1315.47,0.731
123,75221,2025-06-19,counterfeit,confirmed_fraud,237.74,3105.46,0.578
124,42343,2025-10-03,counterfeit,under_review,5988.12,871.33,0.105
125,30828,2025-05-27,account_takeover,confirmed_fraud,3905.41,1107.44,0.785
126,30601,2025-09-08,friendly_fraud,confirmed_fraud,1161.44,2721.27,0.921
127,98366,2025-10-01,friendly_fraud,recovered,5764.42,4738.2,0.608
128,45223,2025-06-17,identity_theft,false_positive,6322.93,2968.42,0.2
129,143805,2025-02-10,card_not_present,false_positive,1939.52,507.85,0.531
130,141931,2025-03-18,account_takeover,false_positive,1564.44,4581.68,0.394
131,59683,2025-07-08,friendly_fraud,false_positive,7902.0,268.69,0.199
132,13603,2025-02-10,merchant_collusion,confirmed_fraud,7883.67,2921.29,0.75
133,164757,2025-10-27,identity_theft,confirmed_fraud,6677.63,3168.25,0.334
134,89412,2025-10-02,account_takeover,confirmed_fraud,6737.54,4262.69,0.799
135,96627,2025-02-27,account_takeover,confirmed_fraud,455.3,4463.0,0.836
136,135720,2025-12-22,merchant_collusion,confirmed_fraud,1290.03,5124.97,0.99
137,40879,2025-04-10,counterfeit,under_review,1792.72,5646.97,0.627
138,47087,2025-01-17,friendly_fraud,confirmed_fraud,2540.47,857.94,0.233
139,67578,2025-10-03,friendly_fraud,confirmed_fraud,2746.27,4379.57,0.017
140,25719,2025-02-28,counterfeit,under_review,7895.36,5247.66,0.726
141,176498,2025-05-01,friendly_fraud,false_positive,6939.76,1914.17,0.668
142,54842,2025-03-20,identity_theft,under_review,4769.63,3381.39,0.401
143,98549,2025-02-03,account_takeover,recovered,5133.86,4534.0,0.752
144,110379,2025-12-08,identity_theft,recovered,4566.26,2294.49,0.715
145,16809,2025-05-05,card_not_present,under_review,6163.03,724.71,0.149
146,104535,2025-06-22,identity_theft,under_review,2498.18,2777.62,0.426
147,135248,2025-09-28,friendly_fraud,under_review,419.36,4498.32,0.738
148,70689,2025-01-19,identity_theft,under_review,79.08,429.3,0.506
149,63602,2025-11-16,account_takeover,confirmed_fraud,6318.49,1574.41,0.123
150,24918,2025-12-06,counterfeit,confirmed_fraud,506.25,2990.52,0.377
151,49158,2025-09-02,card_not_present,confirmed_fraud,7413.43,3103.6,0.473
152,43103,2025-03-25,account_takeover,under_review,3905.55,2714.29,0.532
153,118506,2025-04-05,friendly_fraud,recovered,1359.22,1658.89,0.282
154,146592,2025-05-23,card_not_present,recovered,2790.4,3946.44,0.336
155,71369,2025-09-21,merchant_collusion,recovered,6095.69,3438.12,0.34
156,51936,2025-10-27,friendly_fraud,recovered,929.95,3465.18,0.889
157,132692,2025-10-01,account_takeover,under_review,4880.36,3705.22,0.859
158,12760,2025-09-06,account_takeover,false_positive,2363.22,855.53,0.079
159,27911,2025-04-01,card_not_present,confirmed_fraud,1447.01,5949.66,0.207
160,176549,2025-07-16,identity_theft,under_review,7366.21,677.54,0.444
161,1446,2025-11-28,identity_theft,recovered,532.53,2622.37,0.604
162,110226,2025-12-13,merchant_collusion,false_positive,5265.14,4272.75,0.113
163,25160,2025-08-28,card_not_present,confirmed_fraud,5227.15,5678.31,0.088
164,61817,2025-09-30,merchant_collusion,confirmed_fraud,464.57,1764.18,0.538
165,125074,2025-12-01,card_not_present,confirmed_fraud,26.64,1092.32,0.567
166,98672,2025-03-21,account_takeover,false_positive,1866.3,3589.12,0.215
167,65560,2025-11-22,friendly_fraud,confirmed_fraud,4725.88,1242.11,0.505
168,117277,2025-03-28,card_not_present,false_positive,3753.25,3532.58,0.165
169,136953,2025-10-18,merchant_collusion,false_positive,7962.84,2763.34,0.838
170,167399,2025-07-11,counterfeit,confirmed_fraud,1359.38,857.35,0.205
171,130003,2025-09-08,identity_theft,recovered,4651.32,3173.22,0.164
172,133682,2025-02-12,counterfeit,under_review,5892.23,3477.77,0.512
173,103744,2025-08-04,friendly_fraud,false_positive,251.67,1096.32,0.904
174,17719,2025-08-30,merchant_collusion,false_positive,1046.64,3737.87,0.945
175,145403,2025-01-10,account_takeover,under_review,4967.65,3159.71,0.733
176,96346,2025-01-20,friendly_fraud,false_positive,2776.98,930.18,0.287
177,46449,2025-12-04,identity_theft,recovered,6125.27,5784.25,0.757
178,72423,2025-05-24,identity_theft,false_positive,4366.56,4101.62,0.831
179,37930,2025-05-31,merchant_collusion,false_positive,7361.57,301.84,0.112
180,164044,2025-04-06,counterfeit,recovered,257.59,512.83,0.072
181,120527,2025-08-09,account_takeover,confirmed_fraud,1769.27,5464.66,0.713
182,23082,2025-06-19,account_takeover,confirmed_fraud,1928.09,579.9,0.438
183,23453,2025-05-13,counterfeit,under_review,5017.29,2865.29,0.722
184,16397,2025-04-28,merchant_collusion,under_review,2435.61,1243.17,0.25
185,169478,2025-01-23,identity_theft,false_positive,7449.22,1809.56,0.631
186,75539,2025-09-28,counterfeit,false_positive,3374.05,4640.5,0.239
187,22391,2025-10-02,merchant_collusion,false_positive,2139.5,115.05,0.016
188,87325,2025-03-17,identity_theft,under_review,6333.3,5496.37,0.869
189,60246,2025-11-23,identity_theft,confirmed_fraud,4349.74,1902.11,0.657
190,163404,2025-01-02,account_takeover,recovered,2534.03,2001.94,0.498
191,150953,2025-01-03,account_takeover,under_review,4434.38,5211.81,0.799
192,163465,2025-03-22,account_takeover,confirmed_fraud,3836.02,5372.08,0.154
193,56497,2025-05-16,friendly_fraud,false_positive,1294.18,778.98,0.758
194,23847,2025-02-15,card_not_present,confirmed_fraud,4234.73,969.14,0.212
195,36076,2025-09-04,account_takeover,recovered,3846.4,3646.96,0.829
196,154470,2025-11-21,friendly_fraud,under_review,846.12,5483.79,0.037
197,35832,2025-12-16,card_not_present,under_review,6994.61,4518.7,0.655
198,178120,2025-04-08,account_takeover,confirmed_fraud,7129.42,4290.05,0.971
199,175513,2025-03-28,friendly_fraud,false_positive,438.11,5048.67,0.871
200,171098,2025-05-05,friendly_fraud,recovered,40.97,4237.08,0.849
201,18542,2025-11-27,identity_theft,false_positive,4582.01,5476.46,0.674
202,62532,2025-03-12,account_takeover,false_positive,5715.98,3138.55,0.595
203,107997,2025-01-26,account_takeover,under_review,6544.28,4076.72,0.012
204,19126,2025-06-25,identity_theft,confirmed_fraud,578.53,2001.56,0.553
205,139587,2025-05-31,friendly_fraud,under_review,7768.92,2655.76,0.592
206,42879,2025-07-05,account_takeover,under_review,6851.37,5097.74,0.665
207,9216,2025-10-02,friendly_fraud,false_positive,7087.69,1642.46,0.248
208,138593,2025-02-26,account_takeover,recovered,3490.54,1190.76,0.974
209,21326,2025-01-17,card_not_present,under_review,2779.06,5316.69,0.417
210,30313,2025-12-29,card_not_present,false_positive,7016.59,1179.9,0.307
211,117868,2025-12-04,merchant_collusion,under_review,7099.1,444.73,0.95
212,147140,2025-07-05,account_takeover,recovered,5862.97,2856.61,0.588
213,62143,2025-04-20,card_not_present,confirmed_fraud,2108.81,217.06,0.102
214,158213,2025-02-06,identity_theft,false_positive,7477.45,2448.9,0.832
215,97668,2025-05-12,merchant_collusion,recovered,3141.08,5163.95,0.429
216,173924,2025-10-03,identity_theft,confirmed_fraud,5889.69,4471.11,0.043
217,68248,2025-04-16,account_takeover,confirmed_fraud,727.62,4858.89,0.271
218,174326,2025-07-19,account_takeover,recovered,1949.67,5505.36,0.417
219,146200,2025-05-15,merchant_collusion,under_review,6916.96,2958.0,0.027
220,7934,2025-05-12,card_not_present,recovered,4144.01,817.45,0.461
221,89444,2025-03-30,counterfeit,false_positive,1299.12,1057.2,0.195
222,15864,2025-01-24,account_takeover,confirmed_fraud,2417.39,4069.51,0.553
223,128424,2025-10-09,friendly_fraud,recovered,1297.02,986.12,0.434
224,46897,2025-03-13,friendly_fraud,recovered,4397.94,4681.66,0.957
225,153657,2025-06-16,account_takeover,confirmed_fraud,5363.78,5699.95,0.772
226,52629,2025-12-06,card_not_present,confirmed_fraud,811.12,2148.23,0.758
227,80853,2025-12-25,merchant_collusion,false_positive,1417.5,3966.19,0.405
228,154689,2025-09-19,friendly_fraud,under_review,6092.91,2573.01,0.58
229,174845,2025-08-16,merchant_collusion,under_review,552.33,5605.97,0.106
230,150436,2025-04-18,account_takeover,confirmed_fraud,4198.15,3477.8,0.617
231,162906,2025-06-28,card_not_present,recovered,2641.23,1560.27,0.168
232,77272,2025-11-08,account_takeover,false_positive,5350.94,1927.32,0.815
233,152728,2025-10-02,merchant_collusion,confirmed_fraud,6253.82,5846.1,0.326
234,120873,2025-07-15,counterfeit,false_positive,6633.32,1883.3,0.57
235,118937,2025-07-18,counterfeit,false_positive,2490.93,5664.84,0.081
236,91264,2025-03-01,card_not_present,false_positive,754.43,4234.06,0.04
237,89256,2025-11-15,friendly_fraud,recovered,7334.41,3698.09,0.294
238,62173,2025-06-19,identity_theft,recovered,2579.94,4326.29,0.235
239,30211,2025-02-09,card_not_present,recovered,4132.22,5400.79,0.986
240,69927,2025-11-10,identity_theft,false_positive,844.86,647.8,0.505
241,138036,2025-12-13,merchant_collusion,confirmed_fraud,5837.98,2296.88,0.656
242,57023,2025-09-29,account_takeover,under_review,3260.95,498.93,0.28
243,143362,2025-10-10,account_takeover,recovered,4002.02,5987.51,0.606
244,127366,2025-10-29,merchant_collusion,under_review,3746.23,1848.08,0.35
245,84003,2025-01-12,account_takeover,false_positive,1555.49,4393.17,0.402
246,17256,2025-05-03,card_not_present,under_review,1334.63,1967.27,0.718
247,75968,2025-06-27,account_takeover,confirmed_fraud,6196.42,2419.98,0.732
248,9508,2025-06-14,counterfeit,under_review,5851.92,5014.74,0.78
249,106673,2025-04-26,friendly_fraud,recovered,2489.18,1985.0,0.94
250,118769,2025-04-03,identity_theft,false_positive,7399.02,921.84,0.91
251,144620,2025-04-09,merchant_collusion,under_review,3079.0,3686.27,0.179
252,100397,2025-08-27,account_takeover,under_review,5760.16,3110.92,0.891
253,76177,2025-01-29,friendly_fraud,under_review,339.96,1720.72,0.203
254,82435,2025-10-20,friendly_fraud,recovered,327.41,2747.43,0.868
255,116425,2025-10-22,card_not_present,recovered,2078.93,5346.15,0.604
256,38029,2025-12-12,identity_theft,confirmed_fraud,4689.37,3158.7,0.457
257,81266,2025-05-13,card_not_present,recovered,2634.04,4017.25,0.217
258,25029,2025-09-04,merchant_collusion,false_positive,3509.28,26.44,0.804
259,59549,2025-09-18,card_not_present,false_positive,6061.49,5043.59,0.222
260,128553,2025-08-10,counterfeit,false_positive,5397.06,4915.31,0.687
261,130673,2025-06-11,counterfeit,confirmed_fraud,1330.66,2935.76,0.724
262,36961,2025-01-05,friendly_fraud,confirmed_fraud,2344.01,596.1,0.457
263,111838,2025-04-08,friendly_fraud,recovered,496.94,5641.42,0.946
264,49067,2025-10-29,merchant_collusion,false_positive,1515.85,1160.59,0.26
265,163818,2025-05-31,identity_theft,confirmed_fraud,6191.08,4789.72,0.798
266,64870,2025-08-04,friendly_fraud,recovered,3276.04,2542.0,0.321
267,73607,2025-02-23,card_not_present,confirmed_fraud,7346.97,2100.21,0.464
268,13335,2025-10-02,account_takeover,confirmed_fraud,5235.39,3669.04,0.201
269,52242,2025-03-29,counterfeit,confirmed_fraud,1824.81,4944.27,0.498
270,172527,2025-11-18,account_takeover,false_positive,1616.81,862.81,0.395
271,70361,2025-01-09,account_takeover,false_positive,6377.23,3092.35,0.413
272,103730,2025-07-25,identity_theft,recovered,3043.4,5291.6,0.506
273,125453,2025-08-26,identity_theft,false_positive,2833.89,2872.38,0.953
274,164122,2025-04-12,counterfeit,under_review,7550.73,4718.87,0.812
275,9123,2025-07-18,friendly_fraud,recovered,6200.85,2147.57,0.419
276,7602,2025-03-20,card_not_present,confirmed_fraud,3814.84,3316.05,0.77
277,63944,2025-08-24,counterfeit,under_review,4454.08,5361.23,0.81
278,156883,2025-10-17,card_not_present,false_positive,682.83,2899.81,0.453
279,99670,2025-02-14,identity_theft,false_positive,4275.99,4085.46,0.883
280,113227,2025-01-23,merchant_collusion,under_review,7234.73,704.56,0.944
281,93690,2025-11-12,merchant_collusion,under_review,4025.6,5158.79,0.44
282,40826,2025-01-03,merchant_collusion,false_positive,486.66,3507.6,0.814
283,29083,2025-05-28,identity_theft,recovered,4089.3,5020.76,0.826
284,93981,2025-01-11,account_takeover,under_review,425.87,5965.63,0.418
285,77705,2025-08-31,card_not_present,confirmed_fraud,2791.62,1747.34,0.58
286,73315,2025-04-01,counterfeit,under_review,7824.59,408.48,0.985
287,178445,2025-12-08,card_not_present,under_review,7724.48,4562.62,0.946
288,28350,2025-05-23,merchant_collusion,recovered,3203.47,494.78,0.226
289,39893,2025-12-04,counterfeit,under_review,6921.38,3016.38,0.488
290,35791,2025-09-02,merchant_collusion,recovered,2147.45,2094.15,0.748
291,4096,2025-02-13,counterfeit,confirmed_fraud,6468.53,5890.09,0.494
292,160632,2025-04-22,identity_theft,false_positive,1892.19,1501.4,0.651
293,84488,2025-08-07,account_takeover,confirmed_fraud,2598.57,4019.52,0.644
294,122639,2025-12-17,merchant_collusion,recovered,7614.69,558.97,0.366
295,124317,2025-02-03,counterfeit,false_positive,1268.63,3383.2,0.396
296,43989,2025-02-22,account_takeover,confirmed_fraud,2608.24,2172.43,0.621
297,89607,2025-08-27,account_takeover,recovered,3890.62,1418.97,0.681
298,15342,2025-08-07,account_takeover,confirmed_fraud,6619.88,2062.43,0.502
299,134609,2025-01-01,identity_theft,under_review,771.9,661.03,0.794
300,122527,2025-01-17,identity_theft,false_positive,6334.51,5156.49,0.875
301,8287,2025-11-10,merchant_collusion,under_review,6858.76,2520.36,0.188
302,113775,2025-05-21,merchant_collusion,recovered,4074.81,2296.97,0.05
303,7853,2025-05-28,friendly_fraud,false_positive,7396.3,3745.04,0.933
304,160543,2025-06-28,merchant_collusion,under_review,4447.71,3329.39,0.165
305,101381,2025-05-06,friendly_fraud,false_positive,2690.81,160.23,0.046
306,120565,2025-11-17,merchant_collusion,false_positive,2785.23,3687.95,0.37
307,5480,2025-06-05,counterfeit,under_review,7742.93,2501.08,0.447
308,105035,2025-10-17,friendly_fraud,recovered,6957.51,4096.39,0.921
309,140667,2025-10-10,merchant_collusion,false_positive,1133.11,330.37,0.951
310,132583,2025-10-07,card_not_present,confirmed_fraud,3572.18,3087.19,0.427
311,114309,2025-11-12,counterfeit,false_positive,4735.73,1610.9,0.454
312,173966,2025-12-14,merchant_collusion,confirmed_fraud,4831.28,906.49,0.475
313,100144,2025-06-30,counterfeit,under_review,2396.63,680.35,0.591
314,28124,2025-11-28,identity_theft,confirmed_fraud,3918.94,1631.69,0.644
315,119679,2025-11-16,merchant_collusion,under_review,3644.53,4866.75,0.256
316,54729,2025-10-25,card_not_present,under_review,7829.2,2954.88,0.256
317,147549,2025-04-01,counterfeit,confirmed_fraud,4017.54,4615.94,0.738
318,130602,2025-04-08,card_not_present,recovered,1759.81,733.17,0.519
319,126545,2025-09-09,account_takeover,under_review,5424.92,286.21,0.364
320,135749,2025-03-26,merchant_collusion,false_positive,3828.42,4445.09,0.695
321,173921,2025-04-28,counterfeit,recovered,6389.66,779.56,0.743
322,85754,2025-10-16,card_not_present,false_positive,3419.01,149.77,0.956
323,136990,2025-04-07,card_not_present,confirmed_fraud,1378.62,3712.22,0.749
324,151365,2025-08-25,friendly_fraud,confirmed_fraud,1571.01,5499.56,0.135
325,128097,2025-06-05,merchant_collusion,recovered,4249.9,1181.25,0.255
326,108240,2025-11-08,card_not_present,confirmed_fraud,162.16,5299.9,0.326
327,58821,2025-07-01,account_takeover,confirmed_fraud,3629.52,1443.47,0.296
328,13036,2025-11-29,card_not_present,false_positive,7566.14,3233.99,0.201
329,39645,2025-08-11,friendly_fraud,recovered,5761.97,22.22,0.841
330,61557,2025-06-04,counterfeit,under_review,4820.78,4709.56,0.992
331,27966,2025-02-23,card_not_present,false_positive,325.99,5643.42,0.529
332,129335,2025-10-04,counterfeit,false_positive,2588.91,5208.85,0.413
333,125047,2025-11-25,friendly_fraud,false_positive,4636.2,2168.39,0.925
334,17887,2025-12-24,counterfeit,recovered,3344.46,532.66,0.057
335,80731,2025-01-18,counterfeit,confirmed_fraud,3071.54,3650.66,0.335
336,62935,2025-11-22,identity_theft,under_review,4932.03,4109.65,0.55
337,176364,2025-10-17,merchant_collusion,false_positive,6588.81,4181.97,0.41
338,47363,2025-12-31,counterfeit,under_review,1245.23,3735.67,0.648
339,111962,2025-01-01,counterfeit,false_positive,6698.86,1846.02,0.537
340,18860,2025-01-02,account_takeover,false_positive,2372.42,1761.58,0.789
341,54967,2025-12-18,account_takeover,under_review,2033.84,3143.01,0.615
342,125099,2025-04-10,identity_theft,under_review,1667.68,2959.08,0.449
343,153894,2025-10-17,card_not_present,false_positive,4447.58,2353.44,0.077
344,32606,2025-05-11,identity_theft,confirmed_fraud,1173.81,5358.54,0.739
345,53628,2025-08-13,friendly_fraud,recovered,3650.05,592.92,0.064
346,260,2025-07-13,identity_theft,confirmed_fraud,6404.96,28.88,0.667
347,19868,2025-03-18,friendly_fraud,false_positive,1370.87,2037.0,0.54
348,19769,2025-03-17,merchant_collusion,under_review,5173.37,2068.88,0.412
349,128944,2025-04-23,counterfeit,false_positive,6840.08,4200.85,0.33
350,155191,2025-05-05,merchant_collusion,false_positive,5225.71,1438.42,0.041
351,177920,2025-02-23,identity_theft,recovered,6661.27,2000.16,0.592
352,129026,2025-07-13,friendly_fraud,false_positive,623.9,2859.31,0.292
353,65283,2025-07-16,merchant_collusion,recovered,3172.0,5158.53,0.925
354,42296,2025-01-25,identity_theft,recovered,5158.67,1302.97,0.216
355,81959,2025-03-16,counterfeit,confirmed_fraud,1419.73,249.58,0.472
356,108591,2025-04-20,counterfeit,confirmed_fraud,7574.83,774.3,0.589
357,52801,2025-08-11,friendly_fraud,confirmed_fraud,10.75,434.5,0.078
358,129277,2025-10-04,account_takeover,recovered,6712.09,3687.64,0.667
359,167582,2025-04-30,account_takeover,recovered,3580.26,3045.41,0.268
360,8642,2025-10-31,card_not_present,false_positive,4877.84,1483.44,0.794
361,117569,2025-08-25,account_takeover,false_positive,7550.42,4194.09,0.374
362,175858,2025-06-10,merchant_collusion,recovered,194.88,902.27,0.282
363,92107,2025-04-24,merchant_collusion,confirmed_fraud,2259.05,2433.03,0.279
364,95851,2025-02-28,card_not_present,recovered,5500.48,1984.08,0.215
365,153202,2025-04-03,account_takeover,under_review,6708.45,4122.73,0.709
366,86592,2025-04-21,counterfeit,confirmed_fraud,3685.13,3841.61,0.134
367,46857,2025-08-19,account_takeover,under_review,789.89,3763.31,0.878
368,51642,2025-09-30,merchant_collusion,false_positive,4997.91,5458.23,0.932
369,67100,2025-01-06,counterfeit,recovered,3997.68,2808.51,0.488
370,133709,2025-12-18,counterfeit,false_positive,3287.27,2895.35,0.202
371,20089,2025-08-18,account_takeover,confirmed_fraud,3201.18,4833.37,0.048
372,82511,2025-08-02,counterfeit,confirmed_fraud,5097.87,2353.08,0.163
373,67545,2025-01-31,card_not_present,under_review,1822.3,4758.52,0.457
374,60386,2025-03-25,account_takeover,recovered,7155.89,4711.91,0.301
375,91871,2025-06-07,merchant_collusion,false_positive,7617.37,4157.4,0.575
376,138515,2025-05-24,friendly_fraud,under_review,4530.96,3627.1,0.327
377,77119,2025-03-26,friendly_fraud,under_review,2013.67,2440.75,0.298
378,168717,2025-01-03,merchant_collusion,under_review,7962.13,1550.66,0.179
379,47031,2025-02-26,identity_theft,recovered,4957.42,2265.23,0.655
380,152053,2025-04-25,merchant_collusion,recovered,6129.19,3573.17,0.633
381,102257,2025-08-05,merchant_collusion,confirmed_fraud,5994.27,3100.85,0.547
382,85147,2025-11-24,friendly_fraud,under_review,311.41,2815.0,0.71
383,162955,2025-05-15,friendly_fraud,recovered,3876.44,3361.79,0.558
384,51329,2025-01-09,account_takeover,confirmed_fraud,7319.66,3010.28,0.922
385,125994,2025-12-11,counterfeit,recovered,4202.27,5199.15,0.057
386,174619,2025-12-10,friendly_fraud,recovered,131.79,5660.04,0.894
387,144854,2025-10-06,merchant_collusion,false_positive,3437.84,1503.01,0.981
388,11109,2025-06-09,merchant_collusion,confirmed_fraud,3903.82,929.67,0.542
389,123424,2025-07-30,identity_theft,confirmed_fraud,4817.83,2367.09,0.153
390,71452,2025-04-18,counterfeit,under_review,2669.69,1052.2,0.829
391,161640,2025-08-21,identity_theft,recovered,7248.26,1087.21,0.315
392,161361,2025-04-05,friendly_fraud,recovered,7610.02,5018.96,0.853
393,73187,2025-09-29,identity_theft,false_positive,506.33,829.26,0.2
394,171579,2025-08-20,identity_theft,confirmed_fraud,1138.31,5285.58,0.194
395,141252,2025-05-12,merchant_collusion,recovered,2178.18,902.35,0.308
396,130701,2025-11-07,counterfeit,confirmed_fraud,6013.27,293.81,0.134
397,175472,2025-02-26,card_not_present,recovered,7394.1,3255.52,0.45
398,145005,2025-12-10,friendly_fraud,false_positive,7145.64,2433.39,0.943
399,48378,2025-03-02,friendly_fraud,under_review,3358.16,1815.67,0.624
400,23843,2025-11-23,identity_theft,confirmed_fraud,5880.17,3099.84,0.419
401,45956,2025-04-13,friendly_fraud,recovered,6251.18,1894.64,0.214
402,152226,2025-12-04,card_not_present,under_review,5606.43,4248.5,0.199
403,21899,2025-05-03,account_takeover,recovered,3662.57,1874.11,0.016
404,792,2025-12-24,card_not_present,false_positive,4088.08,3643.89,0.663
405,68215,2025-03-31,card_not_present,confirmed_fraud,843.83,2707.45,0.481
406,104428,2025-06-22,card_not_present,false_positive,7560.31,2090.76,0.744
407,92084,2025-12-12,identity_theft,false_positive,7235.6,5146.83,0.621
408,97605,2025-08-05,card_not_present,confirmed_fraud,2403.03,2753.33,0.625
409,140708,2025-04-13,merchant_collusion,recovered,3104.3,2925.98,0.733
410,142413,2025-02-06,merchant_collusion,under_review,3489.26,274.25,0.423
411,91071,2025-04-26,counterfeit,under_review,1115.13,4293.0,0.804
412,179140,2025-10-07,friendly_fraud,false_positive,5526.52,2602.52,0.861
413,56811,2025-11-18,card_not_present,under_review,4815.83,3192.24,0.986
414,91458,2025-10-20,account_takeover,under_review,4714.21,4891.99,0.129
415,120191,2025-03-07,card_not_present,under_review,5116.51,4566.83,0.762
416,36761,2025-09-26,merchant_collusion,recovered,2808.15,157.49,0.31
417,145233,2025-02-13,merchant_collusion,recovered,527.54,4159.77,0.446
418,108579,2025-09-07,card_not_present,confirmed_fraud,424.25,4896.32,0.268
419,48441,2025-05-01,merchant_collusion,confirmed_fraud,3512.65,1682.42,0.089
420,136911,2025-09-04,account_takeover,confirmed_fraud,1319.75,3734.41,0.073
421,156482,2025-12-10,identity_theft,confirmed_fraud,4115.2,3948.66,0.048
422,14428,2025-01-23,counterfeit,confirmed_fraud,6441.71,4709.28,0.582
423,50461,2025-01-02,card_not_present,recovered,3868.95,480.29,0.595
424,142728,2025-09-28,friendly_fraud,recovered,5943.89,2172.21,0.565
425,8959,2025-11-05,card_not_present,confirmed_fraud,1103.1,870.25,0.394
426,130266,2025-02-13,identity_theft,recovered,6886.78,5075.83,0.793
427,134792,2025-05-03,merchant_collusion,recovered,3142.22,3199.81,0.116
428,100045,2025-04-02,card_not_present,recovered,3761.61,143.57,0.479
429,99322,2025-06-22,merchant_collusion,confirmed_fraud,5396.92,5734.93,0.488
430,112622,2025-05-29,account_takeover,false_positive,750.59,619.55,0.716
431,135336,2025-10-08,friendly_fraud,false_positive,5548.47,1319.48,0.333
432,110891,2025-11-14,friendly_fraud,recovered,4771.18,2336.56,0.574
433,89726,2025-11-10,counterfeit,recovered,1037.45,3584.09,0.574
434,90095,2025-07-27,identity_theft,false_positive,4840.42,836.36,0.259
435,20892,2025-01-15,merchant_collusion,false_positive,1115.92,2271.18,0.153
436,168087,2025-05-22,merchant_collusion,false_positive,4074.36,4064.36,0.345
437,170829,2025-12-19,card_not_present,under_review,3964.45,5357.29,0.694
438,36542,2025-08-20,identity_theft,under_review,3331.71,3568.3,0.456
439,75379,2025-07-25,account_takeover,confirmed_fraud,4253.71,973.14,0.619
440,156936,2025-10-04,identity_theft,recovered,3088.83,1835.48,0.488
441,72146,2025-05-24,merchant_collusion,confirmed_fraud,4449.24,1810.15,0.623
442,39032,2025-11-04,merchant_collusion,recovered,1292.64,2796.21,0.921
443,36058,2025-09-10,account_takeover,false_positive,1664.31,2033.27,0.519
444,114579,2025-10-17,card_not_present,false_positive,1283.34,5201.28,0.283
445,20230,2025-10-27,friendly_fraud,under_review,894.45,419.55,0.424
446,1495,2025-09-02,friendly_fraud,false_positive,4979.16,1668.09,0.79
447,153063,2025-06-02,identity_theft,under_review,434.87,4270.27,0.609
448,98862,2025-07-07,merchant_collusion,recovered,7372.15,1292.5,0.666
449,150066,2025-12-20,identity_theft,confirmed_fraud,4346.36,2539.45,0.232
450,23283,2025-11-15,identity_theft,recovered,7470.75,3766.27,0.463
451,104639,2025-08-30,account_takeover,under_review,5534.62,5411.01,0.629
452,66337,2025-03-06,card_not_present,confirmed_fraud,281.82,3226.79,0.104
453,4760,2025-09-15,card_not_present,false_positive,6738.94,1201.65,0.733
454,71988,2025-05-24,card_not_present,under_review,1417.67,3625.8,0.955
455,168427,2025-05-10,account_takeover,recovered,3505.17,3088.93,0.433
456,107078,2025-06-18,account_takeover,recovered,806.62,2564.97,0.432
457,174374,2025-05-13,friendly_fraud,recovered,6615.5,4364.57,0.899
458,132679,2025-01-21,counterfeit,under_review,7110.18,473.12,0.413
459,54297,2025-08-05,account_takeover,false_positive,2219.91,5304.51,0.668
460,149157,2025-08-22,merchant_collusion,confirmed_fraud,5169.79,3393.88,0.191
461,65079,2025-10-22,friendly_fraud,confirmed_fraud,4855.15,4689.99,0.914
462,166581,2025-06-21,counterfeit,false_positive,4860.62,4865.14,0.97
463,46625,2025-04-04,merchant_collusion,false_positive,2588.05,3695.22,0.756
464,42880,2025-07-01,card_not_present,confirmed_fraud,3096.96,525.86,0.736
465,34128,2025-08-06,card_not_present,recovered,568.86,2369.54,0.515
466,166099,2025-07-09,counterfeit,recovered,2642.05,5817.69,0.446
467,81058,2025-08-21,counterfeit,confirmed_fraud,125.2,601.43,0.036
468,72119,2025-02-09,identity_theft,confirmed_fraud,2412.74,4570.32,0.132
469,116627,2025-03-03,card_not_present,confirmed_fraud,4703.72,3668.36,0.779
470,61170,2025-08-20,counterfeit,confirmed_fraud,5960.11,3673.95,0.947
471,97649,2025-01-11,identity_theft,false_positive,2630.36,286.64,0.59
472,32830,2025-02-16,friendly_fraud,under_review,1591.05,5749.49,0.019
473,166199,2025-09-05,card_not_present,confirmed_fraud,2686.06,1096.54,0.403
474,14004,2025-05-19,identity_theft,under_review,4650.97,4149.54,0.319
475,109251,2025-05-11,identity_theft,confirmed_fraud,5160.16,4449.88,0.557
476,1491,2025-06-17,account_takeover,false_positive,3649.4,791.76,0.706
477,40401,2025-06-27,identity_theft,recovered,7918.57,4621.49,0.163
478,137163,2025-09-08,friendly_fraud,recovered,534.74,2904.51,0.43
479,158595,2025-04-22,card_not_present,confirmed_fraud,3885.77,3767.43,0.788
480,111594,2025-09-20,merchant_collusion,false_positive,1795.85,2899.28,0.582
481,136645,2025-10-26,friendly_fraud,false_positive,1272.52,5937.55,0.88
482,35984,2025-01-24,card_not_present,confirmed_fraud,227.42,4909.67,0.136
483,90441,2025-05-20,counterfeit,false_positive,15.66,2488.35,0.784
484,164452,2025-01-01,account_takeover,under_review,6702.18,4862.14,0.862
485,177913,2025-12-10,card_not_present,under_review,826.62,3952.29,0.859
486,158553,2025-07-02,card_not_present,confirmed_fraud,2061.06,1724.5,0.96
487,94887,2025-07-25,friendly_fraud,under_review,3849.58,1258.85,0.18
488,101984,2025-10-31,friendly_fraud,recovered,758.05,1128.56,0.84
489,107745,2025-10-26,counterfeit,under_review,5410.96,507.27,0.902
490,96169,2025-02-26,card_not_present,false_positive,7626.08,3729.89,0.621
491,57014,2025-10-08,merchant_collusion,recovered,3089.16,5366.54,0.797
492,166159,2025-03-09,card_not_present,false_positive,5775.37,1871.64,0.1
493,10224,2025-03-07,identity_theft,false_positive,1514.16,723.1,0.749
494,103277,2025-12-26,merchant_collusion,under_review,581.94,4442.98,0.347
495,62093,2025-08-09,counterfeit,under_review,3239.25,125.75,0.598
496,40120,2025-08-31,card_not_present,false_positive,7143.0,581.14,0.654
497,166887,2025-12-19,counterfeit,under_review,4724.97,262.38,0.166
498,85513,2025-01-20,counterfeit,under_review,862.95,482.43,0.613
499,67427,2025-03-08,account_takeover,under_review,4041.19,4022.13,0.817
500,28038,2025-06-03,merchant_collusion,false_positive,4963.66,676.19,0.141
501,105761,2025-01-14,merchant_collusion,false_positive,66.29,4026.23,0.198
502,94159,2025-07-01,card_not_present,confirmed_fraud,4905.56,2293.38,0.057
503,121881,2025-06-05,friendly_fraud,recovered,4473.76,3599.26,0.735
504,128650,2025-11-17,identity_theft,recovered,4455.73,955.01,0.459
505,56233,2025-03-18,friendly_fraud,false_positive,4625.8,2795.13,0.746
506,153132,2025-12-23,friendly_fraud,false_positive,2929.69,224.84,0.693
507,153518,2025-04-01,counterfeit,under_review,5924.18,3076.21,0.601
508,175299,2025-03-27,counterfeit,false_positive,6883.61,5675.85,0.468
509,53240,2025-11-18,identity_theft,recovered,7430.54,4485.66,0.493
510,45600,2025-10-25,counterfeit,false_positive,6595.63,5407.72,0.264
511,1671,2025-09-20,account_takeover,recovered,7038.57,1570.87,0.167
512,136226,2025-03-31,merchant_collusion,recovered,6203.3,2580.45,0.117
513,171123,2025-08-06,account_takeover,under_review,4806.99,3347.24,0.293
514,41124,2025-12-01,card_not_present,under_review,5420.19,470.67,0.784
515,6041,2025-03-20,counterfeit,recovered,4118.98,247.15,0.506
516,173533,2025-08-26,identity_theft,false_positive,1390.57,1081.88,0.258
517,54175,2025-02-09,merchant_collusion,under_review,7665.2,4595.39,0.482
518,163131,2025-11-12,friendly_fraud,under_review,2.41,3850.93,0.268
519,90112,2025-01-21,card_not_present,under_review,6047.31,5229.51,0.712
520,116823,2025-03-28,account_takeover,false_positive,4395.57,5723.83,0.843
521,169491,2025-05-14,card_not_present,recovered,4390.41,1357.36,0.504
522,149124,2025-06-30,friendly_fraud,recovered,4222.98,4726.91,0.131
523,130784,2025-07-02,identity_theft,under_review,542.26,3769.06,0.735
524,105002,2025-01-28,card_not_present,recovered,1046.82,400.64,0.969
525,18844,2025-01-28,counterfeit,recovered,5415.21,1145.09,0.945
526,50765,2025-08-08,counterfeit,under_review,7220.21,26.94,0.375
527,69708,2025-05-07,identity_theft,false_positive,4498.31,4845.03,0.707
528,109581,2025-03-27,card_not_present,false_positive,7859.68,4901.78,0.603
529,47531,2025-08-10,merchant_collusion,confirmed_fraud,7278.32,4046.62,0.381
530,163954,2025-02-13,identity_theft,false_positive,7719.23,3165.78,0.921
531,15280,2025-11-20,card_not_present,confirmed_fraud,3022.93,5981.44,0.088
532,5073,2025-07-27,friendly_fraud,confirmed_fraud,4707.83,5977.57,0.86
533,99071,2025-09-17,identity_theft,false_positive,5311.22,2666.55,0.472
534,38138,2025-02-28,counterfeit,false_positive,621.39,3262.12,0.504
535,58828,2025-08-04,friendly_fraud,recovered,7562.27,3450.6,0.171
536,51686,2025-10-14,account_takeover,false_positive,5217.37,738.94,0.879
537,62449,2025-11-24,identity_theft,false_positive,4704.33,640.54,0.321
538,4092,2025-02-24,merchant_collusion,recovered,5168.61,3032.58,0.76
539,45731,2025-02-05,friendly_fraud,recovered,394.39,1767.98,0.533
540,147866,2025-06-30,identity_theft,under_review,7474.33,3297.27,0.404
541,86537,2025-03-15,counterfeit,confirmed_fraud,5098.91,3587.37,0.01
542,25048,2025-07-01,friendly_fraud,false_positive,4714.95,1285.85,0.469
543,161846,2025-02-06,account_takeover,confirmed_fraud,3838.63,4920.69,0.796
544,107016,2025-06-25,identity_theft,recovered,1890.75,237.52,0.88
545,32654,2025-08-03,merchant_collusion,confirmed_fraud,5737.38,5925.07,0.896
546,130296,2025-05-25,counterfeit,under_review,6779.31,1238.91,0.582
547,103918,2025-05-07,card_not_present,confirmed_fraud,6918.8,25.08,0.419
548,154316,2025-08-23,identity_theft,recovered,1925.4,3938.81,0.526
549,99625,2025-05-12,counterfeit,under_review,1402.6,3911.28,0.595
550,75005,2025-02-25,card_not_present,recovered,1763.21,2234.62,0.596
551,70446,2025-08-23,counterfeit,false_positive,6233.66,2860.33,0.297
552,61270,2025-01-05,identity_theft,under_review,2049.99,2032.18,0.993
553,24750,2025-05-31,counterfeit,recovered,3322.12,1168.19,0.637
554,95074,2025-04-14,friendly_fraud,recovered,1106.04,4966.68,0.253
555,113351,2025-06-23,card_not_present,false_positive,4302.15,2853.52,0.561
556,19046,2025-01-05,friendly_fraud,confirmed_fraud,7860.89,3708.85,0.077
557,85103,2025-01-08,counterfeit,under_review,7992.16,1109.65,0.973
558,132031,2025-07-28,account_takeover,under_review,1148.38,2618.43,0.747
559,115247,2025-03-26,identity_theft,under_review,5690.67,3748.79,0.933
560,32689,2025-09-15,account_takeover,confirmed_fraud,5537.33,3481.2,0.391
561,88479,2025-11-26,identity_theft,false_positive,2425.64,2876.68,0.759
562,110497,2025-06-25,friendly_fraud,false_positive,2594.68,2254.77,0.311
563,126247,2025-10-01,counterfeit,confirmed_fraud,99.83,2554.56,0.662
564,117292,2025-06-26,friendly_fraud,false_positive,3424.66,2026.73,0.899
565,75942,2025-02-21,account_takeover,recovered,5682.3,1293.22,0.041
566,87481,2025-05-06,friendly_fraud,under_review,4028.47,3784.04,0.398
567,46135,2025-02-18,identity_theft,confirmed_fraud,6087.18,1337.42,0.83
568,40405,2025-04-21,identity_theft,confirmed_fraud,4113.72,4915.83,0.474
569,154102,2025-08-27,counterfeit,confirmed_fraud,1621.23,3156.58,0.038
570,46906,2025-09-12,card_not_present,confirmed_fraud,838.6,2781.04,0.841
571,167549,2025-03-01,identity_theft,confirmed_fraud,1940.68,5070.66,0.984
572,164015,2025-10-14,account_takeover,recovered,2066.48,5167.67,0.289
573,25106,2025-06-09,card_not_present,confirmed_fraud,5122.09,3889.39,0.78
574,61951,2025-10-08,account_takeover,under_review,5358.49,1322.92,0.384
575,70478,2025-10-30,account_takeover,confirmed_fraud,3468.01,4998.69,0.191
576,90442,2025-11-06,counterfeit,false_positive,3464.82,1368.06,0.46
577,18677,2025-06-12,merchant_collusion,under_review,1358.17,4588.12,0.413
578,62984,2025-07-21,friendly_fraud,false_positive,1919.87,5759.24,0.471
579,27889,2025-10-23,friendly_fraud,under_review,3476.19,5742.15,0.093
580,40591,2025-01-25,account_takeover,confirmed_fraud,5715.83,5884.93,0.088
581,174626,2025-07-10,friendly_fraud,under_review,4321.95,1283.07,0.919
582,55729,2025-04-28,identity_theft,under_review,571.89,1348.69,0.466
583,82241,2025-10-02,identity_theft,confirmed_fraud,895.95,3788.72,0.936
584,179249,2025-06-27,merchant_collusion,false_positive,4089.4,82.26,0.125
585,33010,2025-07-12,account_takeover,confirmed_fraud,7512.67,4870.42,0.627
586,66,2025-02-26,merchant_collusion,under_review,5553.72,902.36,0.641
587,120456,2025-02-18,merchant_collusion,false_positive,6779.1,4237.65,0.059
588,163541,2025-03-14,account_takeover,under_review,2333.74,2485.9,0.215
589,88475,2025-01-21,friendly_fraud,under_review,3169.45,2956.32,0.316
590,86026,2025-09-21,merchant_collusion,confirmed_fraud,4630.27,3296.04,0.643
591,85863,2025-03-03,counterfeit,recovered,3441.64,4823.86,0.662
592,125067,2025-02-05,identity_theft,recovered,6737.13,3941.99,0.12
593,30993,2025-07-28,counterfeit,recovered,5800.04,3857.84,0.108
594,60313,2025-10-08,identity_theft,under_review,2182.48,3146.53,0.203
595,39380,2025-07-02,merchant_collusion,recovered,787.44,4754.7,0.053
596,25921,2025-01-04,merchant_collusion,under_review,3679.26,3234.78,0.07
597,48085,2025-08-17,card_not_present,recovered,5659.35,1441.47,0.175
598,93517,2025-12-03,account_takeover,recovered,6200.65,4501.86,0.95
599,79303,2025-08-30,account_takeover,recovered,3830.24,1469.83,0.566
600,47890,2025-07-22,identity_theft,false_positive,5667.97,1167.95,0.462
601,59037,2025-06-06,account_takeover,confirmed_fraud,4730.24,1888.99,0.488
602,122704,2025-11-09,merchant_collusion,under_review,7128.96,5983.69,0.645
603,51918,2025-10-28,identity_theft,false_positive,4597.87,900.4,0.533
604,138555,2025-12-25,friendly_fraud,under_review,2246.43,2609.36,0.485
605,89359,2025-09-20,merchant_collusion,under_review,6668.34,3917.26,0.786
606,130666,2025-04-24,account_takeover,recovered,16.08,2228.94,0.872
607,20697,2025-08-24,account_takeover,recovered,1344.68,312.85,0.308
608,179345,2025-10-29,card_not_present,under_review,2539.32,5831.64,0.517
609,66635,2025-12-05,account_takeover,under_review,5949.82,3220.49,0.983
610,127469,2025-10-01,counterfeit,recovered,5771.36,3632.01,0.377
611,105408,2025-06-20,friendly_fraud,under_review,1959.3,4612.23,0.469
612,176564,2025-11-07,card_not_present,recovered,27.59,2426.82,0.584
613,86827,2025-05-15,friendly_fraud,under_review,4991.34,4218.62,0.738
614,133868,2025-05-27,friendly_fraud,false_positive,4319.11,1119.95,0.251
615,120021,2025-06-01,counterfeit,under_review,3969.19,1582.79,0.567
616,43015,2025-06-10,identity_theft,recovered,7564.17,1645.61,0.218
617,57662,2025-04-06,friendly_fraud,false_positive,3720.22,2814.88,0.931
618,78730,2025-10-15,merchant_collusion,false_positive,3190.06,2291.01,0.628
619,150335,2025-11-15,identity_theft,recovered,2154.25,5868.24,0.235
620,160801,2025-02-23,identity_theft,false_positive,7932.29,3844.97,0.71
621,111488,2025-10-30,identity_theft,false_positive,7272.85,5245.17,0.712
622,149008,2025-02-19,account_takeover,recovered,7089.82,249.96,0.951
623,111319,2025-08-24,friendly_fraud,recovered,6903.93,5394.34,0.265
624,68529,2025-03-18,account_takeover,under_review,6826.6,1494.86,0.937
625,162750,2025-07-28,friendly_fraud,recovered,7438.6,3385.74,0.192
626,112447,2025-08-26,account_takeover,confirmed_fraud,4253.78,5482.42,0.389
627,61268,2025-10-21,identity_theft,under_review,1838.39,4757.11,0.977
628,35916,2025-08-28,friendly_fraud,confirmed_fraud,4168.27,804.44,0.78
629,124611,2025-03-16,card_not_present,under_review,4523.17,1847.93,0.584
630,87210,2025-10-20,counterfeit,confirmed_fraud,7064.94,3756.62,0.637
631,71734,2025-05-31,counterfeit,recovered,3784.73,5383.44,0.994
632,167392,2025-05-16,counterfeit,false_positive,3626.43,2153.92,0.547
633,122273,2025-10-06,account_takeover,confirmed_fraud,5239.75,5609.46,0.641
634,43117,2025-09-08,friendly_fraud,recovered,7446.0,1360.47,0.502
635,9656,2025-08-21,merchant_collusion,recovered,1928.02,1184.86,0.629
636,19371,2025-10-08,friendly_fraud,recovered,7971.53,2389.39,0.563
637,142375,2025-10-09,account_takeover,confirmed_fraud,4161.94,1572.1,0.251
638,15777,2025-09-07,merchant_collusion,recovered,7021.11,5037.99,0.74
639,73137,2025-01-23,friendly_fraud,recovered,1586.65,3336.56,0.418
640,138466,2025-11-17,counterfeit,confirmed_fraud,3738.53,5955.78,0.956
641,148024,2025-03-16,account_takeover,false_positive,3294.25,2783.75,0.591
642,6510,2025-09-30,card_not_present,under_review,5439.54,3245.43,0.466
643,31640,2025-12-20,merchant_collusion,false_positive,5210.08,141.18,0.671
644,59159,2025-10-26,friendly_fraud,false_positive,3053.92,1784.21,0.346
645,53778,2025-02-05,card_not_present,false_positive,1912.05,5343.57,0.732
646,10074,2025-07-04,account_takeover,recovered,4317.67,4214.61,0.539
647,46883,2025-10-23,friendly_fraud,confirmed_fraud,6882.85,2396.54,0.511
648,89823,2025-09-11,account_takeover,false_positive,2106.51,4521.62,0.277
649,140389,2025-03-20,friendly_fraud,false_positive,4513.1,388.72,0.628
650,120930,2025-02-20,friendly_fraud,under_review,4151.9,2903.54,0.914
651,52652,2025-04-09,card_not_present,recovered,7944.06,292.83,0.702
652,42549,2025-11-03,account_takeover,confirmed_fraud,1527.4,2688.57,0.204
653,124415,2025-09-28,friendly_fraud,confirmed_fraud,7492.54,2567.39,0.793
654,70912,2025-01-05,card_not_present,confirmed_fraud,4709.88,5657.42,0.655
655,170082,2025-09-12,identity_theft,confirmed_fraud,5268.13,1410.25,0.866
656,131622,2025-07-12,card_not_present,recovered,5164.37,5216.5,0.758
657,11327,2025-11-14,identity_theft,under_review,2697.39,991.45,0.557
658,18252,2025-09-24,card_not_present,recovered,3972.6,5193.5,0.785
659,111278,2025-04-16,merchant_collusion,confirmed_fraud,4052.98,2714.32,0.625
660,56055,2025-11-07,friendly_fraud,false_positive,342.61,5907.0,0.597
661,88249,2025-08-21,merchant_collusion,under_review,6257.58,1179.64,0.257
662,35199,2025-08-10,card_not_present,recovered,1327.21,5327.74,0.761
663,59942,2025-10-14,identity_theft,confirmed_fraud,7052.29,4570.11,0.268
664,160428,2025-02-27,identity_theft,confirmed_fraud,3436.39,4194.38,0.206
665,28089,2025-09-12,account_takeover,recovered,2121.0,3238.45,0.163
666,143335,2025-12-20,account_takeover,false_positive,258.17,4140.3,0.391
667,23399,2025-05-30,identity_theft,false_positive,3222.83,1965.36,0.923
668,153794,2025-01-23,merchant_collusion,false_positive,6921.68,5561.9,0.965
669,109964,2025-01-08,merchant_collusion,false_positive,5249.62,3697.89,0.316
670,5466,2025-02-08,account_takeover,confirmed_fraud,212.03,5123.58,0.49
671,113044,2025-01-09,identity_theft,recovered,5461.65,5674.88,0.962
672,98478,2025-04-26,merchant_collusion,recovered,7318.46,5639.3,0.313
673,88082,2025-06-05,friendly_fraud,confirmed_fraud,2228.16,2561.48,0.71
674,133761,2025-02-16,card_not_present,false_positive,336.01,215.4,0.634
675,118471,2025-04-27,counterfeit,under_review,2965.24,4727.98,0.271
676,168656,2025-03-18,card_not_present,false_positive,4153.75,2579.95,0.258
677,48983,2025-06-29,account_takeover,under_review,4357.72,4010.43,0.979
678,120701,2025-07-09,counterfeit,false_positive,4329.28,476.57,0.118
679,28448,2025-03-03,card_not_present,under_review,7134.32,4201.97,0.333
680,132511,2025-05-25,identity_theft,under_review,4310.61,5828.69,0.101
681,90337,2025-03-13,friendly_fraud,confirmed_fraud,5365.12,1050.06,0.135
682,137341,2025-07-03,identity_theft,confirmed_fraud,7113.93,2025.01,0.458
683,134392,2025-09-05,card_not_present,false_positive,1924.96,3441.25,0.953
684,170689,2025-11-09,account_takeover,false_positive,39.14,123.07,0.117
685,78906,2025-05-03,friendly_fraud,under_review,6997.2,2933.42,0.28
686,93695,2025-02-22,identity_theft,false_positive,2019.08,4874.16,0.397
687,152230,2025-05-29,counterfeit,recovered,6014.8,1516.66,0.787
688,159456,2025-04-05,account_takeover,under_review,5900.6,5353.54,0.232
689,163438,2025-04-25,friendly_fraud,confirmed_fraud,833.89,963.7,0.055
690,30197,2025-05-24,merchant_collusion,under_review,7467.9,2159.53,0.067
691,98810,2025-11-17,account_takeover,confirmed_fraud,1512.53,5390.79,0.323
692,128752,2025-01-08,counterfeit,under_review,6377.99,1230.41,0.615
693,15207,2025-03-01,account_takeover,false_positive,4158.9,4476.24,0.118
694,77936,2025-08-23,account_takeover,confirmed_fraud,1794.13,2086.47,0.455
695,166377,2025-09-23,account_takeover,false_positive,7516.83,3275.22,0.159
696,20349,2025-02-14,card_not_present,false_positive,1682.96,814.31,0.781
697,159256,2025-03-07,account_takeover,recovered,6587.35,3636.03,0.969
698,159848,2025-11-18,friendly_fraud,false_positive,2932.59,3532.64,0.2
699,37755,2025-12-21,friendly_fraud,false_positive,4083.17,2954.63,0.596
700,123431,2025-08-28,friendly_fraud,under_review,4567.15,130.12,0.974
701,11497,2025-06-07,counterfeit,false_positive,5501.51,236.38,0.69
702,55455,2025-12-25,friendly_fraud,confirmed_fraud,3618.02,4976.13,0.483
703,81978,2025-05-09,merchant_collusion,false_positive,2231.8,5839.36,0.889
704,133315,2025-02-07,friendly_fraud,under_review,6179.51,2316.34,0.989
705,23289,2025-12-23,card_not_present,false_positive,5129.78,4142.35,0.527
706,25837,2025-12-02,merchant_collusion,under_review,2916.93,4249.75,0.654
707,140088,2025-08-07,identity_theft,false_positive,5452.55,1764.0,0.22
708,97828,2025-03-17,account_takeover,confirmed_fraud,2531.49,757.67,0.225
709,114783,2025-01-20,merchant_collusion,under_review,6754.56,828.15,0.701
710,56806,2025-11-10,identity_theft,recovered,2902.61,2840.98,0.618
711,179730,2025-11-15,card_not_present,under_review,3634.97,847.62,0.151
712,152174,2025-05-13,card_not_present,false_positive,5801.58,1894.2,0.965
713,173294,2025-04-29,account_takeover,false_positive,1128.09,2358.94,0.609
714,74667,2025-04-29,account_takeover,confirmed_fraud,176.9,5242.81,0.175
715,126990,2025-06-11,merchant_collusion,under_review,6152.18,1192.71,0.603
716,179229,2025-10-12,identity_theft,false_positive,218.01,3832.03,0.258
717,79342,2025-12-10,card_not_present,confirmed_fraud,4723.58,3127.53,0.741
718,174813,2025-02-25,merchant_collusion,false_positive,468.11,2576.1,0.72
719,116288,2025-10-22,card_not_present,recovered,6373.18,3611.44,0.132
720,72095,2025-05-11,merchant_collusion,confirmed_fraud,4914.51,2092.82,0.511
721,94495,2025-11-09,identity_theft,confirmed_fraud,667.83,3017.58,0.558
722,51574,2025-02-06,counterfeit,false_positive,5547.8,1067.7,0.019
723,70653,2025-03-18,account_takeover,false_positive,874.33,1315.3,0.684
724,108573,2025-01-20,card_not_present,false_positive,2137.21,2818.12,0.42
725,95960,2025-10-29,card_not_present,recovered,4273.64,5762.64,0.967
726,61900,2025-05-26,identity_theft,under_review,1210.32,5286.86,0.065
727,146389,2025-06-29,account_takeover,under_review,3731.98,4980.89,0.069
728,81998,2025-05-14,card_not_present,confirmed_fraud,6812.88,2536.35,0.565
729,174221,2025-11-24,friendly_fraud,under_review,4283.26,2291.41,0.397
730,113130,2025-10-18,identity_theft,under_review,5656.01,2235.42,0.963
731,44583,2025-09-07,friendly_fraud,false_positive,1496.69,2234.41,0.434
732,130996,2025-03-17,counterfeit,recovered,3327.01,4078.74,0.096
733,10970,2025-07-12,counterfeit,confirmed_fraud,2212.83,164.7,0.175
734,51960,2025-03-22,account_takeover,recovered,818.74,988.28,0.423
735,64436,2025-03-08,account_takeover,false_positive,2723.98,2169.77,0.08
736,44445,2025-09-09,counterfeit,under_review,498.47,5658.4,0.198
737,35380,2025-09-13,identity_theft,false_positive,6408.18,4946.28,0.914
738,12413,2025-03-23,friendly_fraud,false_positive,1865.03,1204.58,0.603
739,34241,2025-08-04,identity_theft,recovered,1504.25,5657.5,0.995
740,33770,2025-12-08,account_takeover,false_positive,6536.41,2291.1,0.023
741,72506,2025-10-31,counterfeit,under_review,1077.9,5646.01,0.666
742,126239,2025-09-01,identity_theft,recovered,1424.97,2223.49,0.227
743,8705,2025-01-16,merchant_collusion,under_review,329.15,3911.16,0.788
744,9803,2025-06-04,card_not_present,confirmed_fraud,5135.74,4791.91,0.779
745,142298,2025-04-08,counterfeit,under_review,3207.68,3051.94,0.274
746,93191,2025-06-28,card_not_present,confirmed_fraud,2531.32,5029.23,0.218
747,129631,2025-03-25,identity_theft,under_review,2935.14,2653.63,0.717
748,40125,2025-01-30,counterfeit,recovered,4485.31,2125.46,0.334
749,170489,2025-06-19,card_not_present,recovered,4406.78,2296.79,0.658
750,86573,2025-07-05,merchant_collusion,under_review,3334.39,1543.16,0.666
751,9977,2025-01-04,counterfeit,confirmed_fraud,5182.83,167.79,0.937
752,137985,2025-06-19,card_not_present,under_review,7606.22,2351.38,0.242
753,37426,2025-07-18,card_not_present,false_positive,4379.24,4879.67,0.587
754,164227,2025-08-23,identity_theft,under_review,6752.45,4287.01,0.374
755,94257,2025-04-23,card_not_present,under_review,80.01,1124.14,0.378
756,138128,2025-01-02,counterfeit,under_review,4508.92,2514.05,0.963
757,42071,2025-07-08,counterfeit,under_review,110.1,5686.41,0.896
758,58262,2025-01-06,friendly_fraud,false_positive,3157.84,4004.99,0.978
759,68975,2025-07-10,counterfeit,false_positive,1126.68,2809.9,0.321
760,25790,2025-12-02,card_not_present,under_review,5519.01,1707.11,0.638
761,28128,2025-10-08,card_not_present,under_review,1458.38,3143.19,0.3
762,132119,2025-01-04,account_takeover,confirmed_fraud,2922.22,1116.42,0.519
763,131818,2025-08-25,card_not_present,false_positive,1664.39,1705.6,0.713
764,38938,2025-11-22,friendly_fraud,recovered,5598.19,600.31,0.439
765,58932,2025-02-20,friendly_fraud,confirmed_fraud,3419.02,1289.88,0.336
766,8311,2025-09-28,identity_theft,false_positive,894.43,3125.01,0.596
767,15076,2025-11-24,merchant_collusion,confirmed_fraud,2464.9,4599.7,0.799
768,10742,2025-08-06,account_takeover,confirmed_fraud,6977.55,5140.11,0.153
769,144887,2025-09-09,card_not_present,confirmed_fraud,5986.3,3913.57,0.15
770,103442,2025-12-24,account_takeover,under_review,1395.21,5392.09,0.48
771,52103,2025-02-21,account_takeover,under_review,2587.2,392.69,0.994
772,126113,2025-05-17,merchant_collusion,false_positive,5808.08,3345.75,0.292
773,70888,2025-12-01,merchant_collusion,recovered,5162.69,5290.77,0.022
774,117298,2025-12-31,identity_theft,recovered,2543.26,3145.92,0.881
775,50884,2025-06-07,identity_theft,under_review,4120.67,4979.7,0.91
776,88759,2025-10-02,card_not_present,recovered,2343.47,5913.23,0.4
777,140295,2025-09-29,account_takeover,false_positive,399.69,5948.35,0.118
778,25210,2025-07-30,friendly_fraud,confirmed_fraud,7250.06,3274.6,0.449
779,136844,2025-01-29,identity_theft,under_review,2455.89,688.12,0.588
780,127138,2025-12-17,identity_theft,confirmed_fraud,2990.55,4724.57,0.82
781,79871,2025-09-29,card_not_present,false_positive,1257.4,4946.4,0.953
782,137430,2025-05-21,friendly_fraud,false_positive,5311.27,5407.77,0.017
783,107533,2025-09-02,merchant_collusion,recovered,3563.16,4665.07,0.658
784,153174,2025-05-08,identity_theft,confirmed_fraud,1627.99,5979.49,0.662
785,177923,2025-01-21,counterfeit,confirmed_fraud,5247.09,3916.66,0.564
786,59232,2025-06-02,identity_theft,false_positive,827.97,656.66,0.686
787,175820,2025-09-02,account_takeover,false_positive,4.14,3494.16,0.627
788,64025,2025-12-20,merchant_collusion,under_review,237.67,510.49,0.368
789,104818,2025-06-05,account_takeover,confirmed_fraud,3777.01,2169.85,0.564
790,65406,2025-08-08,account_takeover,recovered,1600.8,1303.07,0.017
791,170148,2025-05-29,merchant_collusion,recovered,2605.32,2463.76,0.987
792,34031,2025-01-09,merchant_collusion,confirmed_fraud,6648.68,5315.96,0.873
793,12511,2025-03-23,account_takeover,confirmed_fraud,4473.51,633.88,0.894
794,105106,2025-06-13,card_not_present,false_positive,1389.54,4373.05,0.263
795,6,2025-08-20,merchant_collusion,recovered,3557.58,5827.21,0.987
796,45866,2025-01-25,identity_theft,confirmed_fraud,7854.45,3717.29,0.447
797,170062,2025-06-15,card_not_present,under_review,5743.76,4252.37,0.51
798,125870,2025-02-08,friendly_fraud,under_review,3424.29,1922.35,0.714
799,99786,2025-02-09,identity_theft,under_review,7218.29,3976.71,0.272
800,1950,2025-01-31,friendly_fraud,confirmed_fraud,1964.54,3388.85,0.4
801,48840,2025-05-02,card_not_present,confirmed_fraud,707.33,1687.94,0.669
802,32680,2025-11-07,counterfeit,under_review,1184.96,319.33,0.042
803,12311,2025-05-01,counterfeit,false_positive,615.42,5451.8,0.78
804,84740,2025-03-06,counterfeit,confirmed_fraud,6053.36,196.13,0.972
805,155917,2025-06-30,account_takeover,confirmed_fraud,3499.83,5364.05,0.91
806,48302,2025-03-14,friendly_fraud,false_positive,6501.81,3943.94,0.926
807,168744,2025-10-27,card_not_present,false_positive,4416.41,2933.93,0.9
808,131631,2025-06-24,friendly_fraud,under_review,5406.37,2861.96,0.254
809,39961,2025-08-08,merchant_collusion,confirmed_fraud,1973.5,1551.57,0.554
810,21195,2025-10-26,account_takeover,false_positive,7604.46,2671.76,0.225
811,170332,2025-02-06,counterfeit,false_positive,949.23,3124.05,0.524
812,153383,2025-10-03,account_takeover,false_positive,5759.76,3715.48,0.77
813,123910,2025-09-07,card_not_present,confirmed_fraud,2269.58,129.68,0.822
814,131518,2025-01-16,merchant_collusion,under_review,1555.1,3089.3,0.659
815,150298,2025-09-27,counterfeit,false_positive,7138.77,4508.8,0.826
816,49861,2025-10-22,account_takeover,under_review,6945.5,374.81,0.327
817,170116,2025-12-15,counterfeit,recovered,3255.42,4097.58,0.32
818,51321,2025-02-09,identity_theft,recovered,7962.96,1741.49,0.055
819,136024,2025-01-17,counterfeit,under_review,1210.94,5842.33,0.131
820,177089,2025-09-06,friendly_fraud,recovered,3929.66,4759.65,0.023
821,18917,2025-04-29,counterfeit,recovered,2770.98,1844.46,0.914
822,93273,2025-09-01,merchant_collusion,recovered,2044.88,3226.78,0.165
823,121374,2025-12-17,friendly_fraud,false_positive,784.32,9.97,0.401
824,45752,2025-07-31,merchant_collusion,confirmed_fraud,973.04,3944.68,0.436
825,161190,2025-01-14,merchant_collusion,under_review,1360.6,5943.33,0.922
826,140338,2025-01-17,account_takeover,false_positive,6937.58,1531.44,0.645
827,48572,2025-11-30,account_takeover,under_review,1230.97,3677.46,0.292
828,129067,2025-10-26,card_not_present,confirmed_fraud,3457.65,3541.86,0.071
829,49780,2025-01-06,friendly_fraud,recovered,2023.38,166.93,0.66
830,47781,2025-11-20,identity_theft,confirmed_fraud,6882.0,1164.07,0.866
831,32282,2025-10-31,identity_theft,under_review,6477.18,186.96,0.074
832,101508,2025-10-13,merchant_collusion,confirmed_fraud,4000.57,2897.68,0.141
833,48784,2025-10-29,counterfeit,recovered,413.83,5513.37,0.39
834,151662,2025-07-05,counterfeit,under_review,7751.99,5868.09,0.133
835,140007,2025-07-02,friendly_fraud,recovered,6609.51,4329.21,0.343
836,167951,2025-12-01,merchant_collusion,under_review,1876.25,5505.96,0.639
837,72048,2025-02-08,card_not_present,confirmed_fraud,6930.87,953.45,0.527
838,36597,2025-09-04,account_takeover,recovered,670.02,1568.34,0.094
839,32484,2025-10-02,friendly_fraud,recovered,1198.18,385.29,0.176
840,37089,2025-04-24,account_takeover,confirmed_fraud,5945.03,887.61,0.284
841,34212,2025-06-20,account_takeover,confirmed_fraud,4434.92,754.89,0.172
842,123779,2025-05-19,friendly_fraud,confirmed_fraud,158.6,5125.76,0.149
843,145770,2025-09-21,identity_theft,false_positive,7092.62,4323.74,0.773
844,34892,2025-02-07,friendly_fraud,false_positive,2476.61,1763.92,0.929
845,27872,2025-04-05,friendly_fraud,under_review,2725.61,5947.77,0.566
846,131026,2025-01-11,account_takeover,under_review,7103.77,3353.96,0.368
847,45230,2025-08-21,friendly_fraud,false_positive,5757.27,5105.82,0.409
848,119852,2025-06-07,merchant_collusion,under_review,894.43,5233.65,0.052
849,170312,2025-12-12,merchant_collusion,recovered,5713.76,2887.93,0.063
850,132506,2025-12-29,merchant_collusion,confirmed_fraud,3359.03,2660.21,0.468
851,56819,2025-02-21,card_not_present,false_positive,4229.47,4915.23,0.598
852,132063,2025-01-25,identity_theft,confirmed_fraud,6305.34,4739.11,0.372
853,100814,2025-10-26,identity_theft,confirmed_fraud,893.54,5680.15,0.895
854,165080,2025-10-20,identity_theft,false_positive,7532.84,4439.27,0.059
855,144588,2025-02-18,friendly_fraud,confirmed_fraud,5093.2,5839.94,0.177
856,10874,2025-02-20,merchant_collusion,recovered,3423.73,638.88,0.451
857,8525,2025-10-14,merchant_collusion,recovered,570.77,4528.56,0.806
858,35251,2025-05-21,account_takeover,under_review,1070.87,1335.43,0.655
859,140066,2025-10-20,friendly_fraud,under_review,268.88,4753.02,0.246
860,81353,2025-05-03,friendly_fraud,confirmed_fraud,364.38,5053.95,0.032
861,73732,2025-07-20,merchant_collusion,under_review,2715.75,5317.35,0.303
862,46812,2025-04-01,identity_theft,under_review,4127.8,1824.84,0.984
863,51908,2025-09-12,friendly_fraud,confirmed_fraud,2208.61,1687.74,0.553
864,176546,2025-04-21,identity_theft,confirmed_fraud,3555.75,1448.43,0.58
865,101980,2025-05-29,card_not_present,false_positive,2817.6,2936.18,0.721
866,112479,2025-12-03,counterfeit,under_review,7899.35,3296.69,0.036
867,147087,2025-09-23,card_not_present,false_positive,1365.8,2156.56,0.365
868,1129,2025-01-31,merchant_collusion,under_review,7650.49,1323.11,0.798
869,70575,2025-05-05,identity_theft,under_review,3881.46,2336.41,0.204
870,6026,2025-10-25,merchant_collusion,confirmed_fraud,5714.94,3572.21,0.399
871,9975,2025-08-09,friendly_fraud,under_review,1165.03,3514.53,0.101
872,164885,2025-11-08,counterfeit,under_review,5897.72,4833.07,0.744
873,53170,2025-02-08,account_takeover,under_review,7484.39,1856.11,0.776
874,65355,2025-07-02,counterfeit,confirmed_fraud,3848.84,4942.44,0.692
875,13419,2025-09-11,account_takeover,recovered,1294.48,2714.45,0.593
876,73300,2025-01-14,friendly_fraud,false_positive,7506.7,94.56,0.773
877,163870,2025-09-03,friendly_fraud,recovered,3664.57,2089.78,0.436
878,109312,2025-05-22,friendly_fraud,false_positive,1162.38,5551.06,0.307
879,76565,2025-06-11,counterfeit,confirmed_fraud,7482.83,2958.04,0.537
880,29892,2025-11-24,card_not_present,recovered,2688.13,47.71,0.847
881,83629,2025-06-11,counterfeit,confirmed_fraud,1106.14,4874.47,0.077
882,65189,2025-12-20,account_takeover,confirmed_fraud,1586.62,3712.9,0.879
883,45832,2025-05-29,identity_theft,confirmed_fraud,6909.32,2074.8,0.373
884,164035,2025-12-15,card_not_present,false_positive,2924.52,1156.38,0.894
885,38574,2025-04-14,merchant_collusion,confirmed_fraud,2954.69,5183.81,0.225
886,152609,2025-11-17,card_not_present,confirmed_fraud,6255.1,4788.48,0.964
887,125092,2025-02-22,friendly_fraud,false_positive,7158.11,3391.07,0.979
888,60070,2025-11-26,card_not_present,confirmed_fraud,4574.79,793.6,0.485
889,26108,2025-08-02,identity_theft,confirmed_fraud,7154.53,2077.43,0.664
890,70495,2025-03-11,friendly_fraud,false_positive,7224.06,652.41,0.018
891,75388,2025-11-03,merchant_collusion,false_positive,7607.03,5872.66,0.295
892,148786,2025-09-01,card_not_present,under_review,2650.31,2807.74,0.073
893,160544,2025-10-25,card_not_present,recovered,7836.51,2680.58,0.324
894,137466,2025-06-23,account_takeover,confirmed_fraud,6562.42,5294.9,0.678
895,76389,2025-09-03,account_takeover,false_positive,399.24,1057.32,0.176
896,111201,2025-10-04,friendly_fraud,false_positive,4359.72,3181.95,0.381
897,40372,2025-11-22,account_takeover,recovered,5660.34,2586.77,0.064
898,25056,2025-03-07,identity_theft,under_review,6877.17,5984.4,0.689
899,22804,2025-09-17,card_not_present,false_positive,3709.97,983.9,0.753
900,128803,2025-01-14,merchant_collusion,under_review,3976.1,4763.35,0.245
901,159717,2025-02-26,card_not_present,under_review,1210.62,3085.27,0.099
902,83111,2025-10-07,account_takeover,recovered,1346.34,5240.67,0.825
903,67410,2025-07-04,account_takeover,under_review,4456.8,1575.57,0.927
904,39623,2025-07-10,identity_theft,false_positive,1267.71,1377.94,0.534
905,31313,2025-05-08,identity_theft,confirmed_fraud,4799.07,997.65,0.103
906,103577,2025-06-09,card_not_present,confirmed_fraud,7281.77,2711.36,0.475
907,47255,2025-03-15,friendly_fraud,false_positive,3609.5,2933.26,0.118
908,8569,2025-09-07,friendly_fraud,confirmed_fraud,4311.34,1795.31,0.507
909,93629,2025-02-01,card_not_present,recovered,7305.73,3977.56,0.955
910,24140,2025-03-14,identity_theft,under_review,1717.82,1261.24,0.933
911,109667,2025-07-09,merchant_collusion,under_review,7208.32,2983.6,0.305
912,51344,2025-10-14,identity_theft,recovered,7767.76,3281.48,0.753
913,99218,2025-12-06,merchant_collusion,recovered,1474.45,2184.69,0.624
914,98408,2025-01-27,account_takeover,recovered,4755.51,1971.71,0.824
915,172265,2025-05-14,identity_theft,under_review,3972.66,5718.79,0.298
916,146214,2025-12-18,card_not_present,recovered,2662.0,2171.11,0.669
917,153388,2025-07-09,counterfeit,recovered,5396.12,1638.73,0.753
918,39318,2025-09-21,identity_theft,recovered,5550.2,3402.81,0.526
919,109833,2025-09-15,card_not_present,confirmed_fraud,4607.46,357.59,0.93
920,50538,2025-01-15,merchant_collusion,false_positive,5553.35,1860.99,0.489
921,144245,2025-02-22,friendly_fraud,recovered,7754.8,2422.33,0.917
922,52341,2025-03-23,friendly_fraud,under_review,3387.01,2826.09,0.46
923,123386,2025-06-30,counterfeit,confirmed_fraud,3015.93,1317.71,0.32
924,129483,2025-03-10,card_not_present,confirmed_fraud,5111.97,2688.24,0.136
925,81653,2025-04-24,account_takeover,under_review,419.06,3600.26,0.912
926,97183,2025-01-20,card_not_present,under_review,1914.63,2395.73,0.298
927,6534,2025-03-05,account_takeover,under_review,7075.29,2892.34,0.042
928,47932,2025-12-11,card_not_present,recovered,7293.47,5358.56,0.044
929,115861,2025-11-01,card_not_present,false_positive,4953.44,2275.95,0.853
930,126274,2025-06-20,friendly_fraud,recovered,5954.52,3971.82,0.766
931,158629,2025-04-20,friendly_fraud,false_positive,4853.55,1371.74,0.307
932,106660,2025-10-10,account_takeover,false_positive,5313.53,2040.22,0.547
933,145806,2025-01-08,friendly_fraud,confirmed_fraud,2286.64,5931.08,0.148
934,66158,2025-06-19,identity_theft,confirmed_fraud,7848.63,3263.73,0.728
935,13111,2025-03-29,friendly_fraud,false_positive,6985.03,5577.2,0.839
936,17378,2025-11-18,merchant_collusion,false_positive,1410.62,126.55,0.992
937,75497,2025-04-15,counterfeit,under_review,4767.48,2597.14,0.63
938,59690,2025-09-14,friendly_fraud,under_review,3497.91,709.29,0.559
939,108238,2025-12-15,identity_theft,recovered,4334.39,4821.32,0.033
940,52536,2025-01-06,card_not_present,recovered,7126.12,567.51,0.253
941,13750,2025-08-13,identity_theft,false_positive,3439.83,3676.83,0.888
942,119047,2025-05-20,merchant_collusion,recovered,5179.59,2915.47,0.898
943,14841,2025-01-21,friendly_fraud,recovered,1710.67,2550.01,0.991
944,20320,2025-09-05,card_not_present,false_positive,6886.32,4179.31,0.916
945,47896,2025-02-04,account_takeover,confirmed_fraud,2665.12,4837.61,0.785
946,17664,2025-12-28,card_not_present,recovered,2675.0,585.5,0.721
947,117429,2025-11-21,friendly_fraud,recovered,5980.55,5312.28,0.275
948,109861,2025-06-29,card_not_present,false_positive,1673.21,761.16,0.348
949,8468,2025-07-12,account_takeover,under_review,2153.72,3897.45,0.745
950,133327,2025-02-06,merchant_collusion,recovered,2099.09,354.06,0.535
951,56221,2025-10-08,merchant_collusion,false_positive,7426.18,1478.79,0.592
952,120167,2025-02-09,counterfeit,under_review,5892.39,2318.73,0.842
953,40506,2025-07-13,card_not_present,false_positive,1808.18,5179.07,0.882
954,71766,2025-08-23,account_takeover,recovered,7192.67,3102.99,0.685
955,43052,2025-03-23,merchant_collusion,false_positive,7928.05,5780.56,0.603
956,58196,2025-08-03,counterfeit,confirmed_fraud,6168.81,340.64,0.624
957,140219,2025-01-03,card_not_present,recovered,3729.1,5066.98,0.231
958,163957,2025-04-25,counterfeit,recovered,1745.21,4488.47,0.512
959,13788,2025-12-26,friendly_fraud,under_review,1923.8,2843.34,0.713
960,106075,2025-06-02,card_not_present,confirmed_fraud,7368.9,505.32,0.245
961,35093,2025-09-26,card_not_present,under_review,1671.85,4189.43,0.179
962,149202,2025-04-30,merchant_collusion,false_positive,5890.21,2600.33,0.367
963,6647,2025-01-10,card_not_present,false_positive,3190.62,4096.68,0.833
964,28249,2025-07-07,counterfeit,under_review,6839.79,2403.94,0.757
965,5013,2025-12-16,merchant_collusion,recovered,230.67,4538.08,0.6
966,95005,2025-10-20,card_not_present,under_review,6441.31,5745.64,0.855
967,19707,2025-02-03,card_not_present,recovered,5322.68,144.44,0.881
