"card_id","cardholder_id","issue_date","status","card_product","network","credit_limit","card_present_usage_ratio","digital_wallet_flag"
"1","13892","2019-09-26","reissued","business","mastercard","16659.48","0.056","1"
"2","12347","2024-09-13","active","cashback","amex","35326.73","0.104","0"
"3","14612","2020-09-21","active","business","mastercard","32152.56","0.023","0"
"4","11837","2022-02-13","reissued","student","mastercard","2144.6","0.752","1"
"5","12317","2023-04-19","reissued","student","amex","25110.96","0.381","1"
"6","1968","2024-08-12","reissued","premium","visa","703.62","0.091","1"
"7","8513","2021-02-03","reissued","travel_rewards","visa","3333.25","0.794","1"
"8","6258","2021-05-27","reissued","travel_rewards","mastercard","32607.82","0.914","1"
"9","4296","2019-09-25","active","business","mastercard","10431.76","0.08","1"
"10","15698","2021-03-20","reissued","business","amex","2717.3","0.041","1"
"11","15557","2019-01-25","temporarily_blocked","business","visa","32033.72","0.496","1"
"12","8834","2023-11-15","temporarily_blocked","travel_rewards","mastercard","5171.9","0.297","1"
"13","744","2019-09-15","temporarily_blocked","premium","mastercard","34972.63","0.436","0"
"14","7709","2022-01-25","active","business","visa","15718.14","0.53","0"
"15","12235","2025-05-17","closed","student","mastercard","27631.27","0.254","1"
"16","2267","2023-02-07","active","cashback","mastercard","33572.53","0.024","1"
"17","11220","2025-09-23","temporarily_blocked","premium","mastercard","37838.46","0.23","1"
"18","6410","2020-01-06","closed","travel_rewards","amex","17836.75","0.722","0"
"19","11404","2019-05-27","closed","travel_rewards","mastercard","18661.47","0.082","0"
"20","14165","2022-12-14","reissued","cashback","amex","30527.42","0.568","1"
"21","14831","2020-10-30","reissued","business","visa","35460.82","0.159","1"
"22","8943","2022-09-24","temporarily_blocked","student","visa","11604.78","0.146","1"
"23","11983","2025-02-07","temporarily_blocked","business","visa","35949.33","0.322","1"
"24","13677","2024-06-07","active","business","amex","5627.93","0.763","0"
"25","4788","2022-10-23","active","cashback","visa","22819.92","0.814","0"
"26","1861","2024-01-19","temporarily_blocked","premium","amex","27564.17","0.333","1"
"27","9688","2023-01-13","closed","student","amex","12951.61","0.083","0"
"28","5785","2021-08-24","active","travel_rewards","visa","1527.6","0.665","0"
"29","6383","2020-02-17","reissued","student","mastercard","35164.6","0.429","1"
"30","12849","2023-05-04","active","student","mastercard","26826.1","0.454","0"
"31","6610","2019-09-28","active","business","visa","3832.89","0.928","0"
"32","8221","2020-12-16","temporarily_blocked","cashback","amex","15349.75","0.031","1"
"33","16051","2023-08-08","active","premium","amex","27703.33","0.726","1"
"34","16352","2020-10-24","temporarily_blocked","business","visa","19507.76","0.806","1"
"35","11733","2024-03-08","active","premium","amex","24676.72","0.748","1"
"36","13684","2019-11-17","active","premium","mastercard","29096.82","0.755","0"
"37","9741","2024-06-03","temporarily_blocked","student","amex","39603.17","0.834","1"
"38","11067","2021-08-25","temporarily_blocked","business","visa","26548.76","0.916","1"
"39","14447","2023-01-15","closed","premium","visa","14125.47","0.858","1"
"40","11269","2021-10-12","reissued","cashback","amex","16238.45","0.691","1"
"41","317","2025-03-02","reissued","business","amex","4601.32","0.348","0"
"42","7678","2021-09-30","reissued","travel_rewards","amex","3290.93","0.102","0"
"43","16128","2021-04-27","active","cashback","visa","34867.19","0.052","0"
"44","4042","2024-05-19","active","business","visa","15575.63","0.607","1"
"45","10580","2019-05-13","active","cashback","visa","34304.31","0.833","1"
"46","15421","2019-07-28","reissued","student","mastercard","7499.02","0.349","1"
"47","11665","2025-07-12","temporarily_blocked","business","visa","4170.31","0.888","1"
"48","7216","2022-04-21","closed","travel_rewards","amex","17343.54","0.474","1"
"49","9886","2019-10-14","reissued","business","mastercard","39778.55","0.834","1"
"50","16172","2024-05-08","active","travel_rewards","visa","12453.4","0.339","0"
"51","5881","2024-10-12","temporarily_blocked","cashback","amex","33559.23","0.614","1"
"52","8040","2025-10-31","active","travel_rewards","amex","31216.89","0.093","0"
"53","7755","2022-03-28","active","student","amex","24148.96","0.796","0"
"54","13131","2020-10-29","reissued","travel_rewards","mastercard","6989.61","0.891","0"
"55","16961","2025-04-15","closed","student","visa","23584.21","0.736","1"
"56","1546","2019-02-25","closed","cashback","visa","10422.74","0.784","0"
"57","9188","2025-08-13","closed","travel_rewards","amex","4994.17","0.228","0"
"58","15187","2022-10-02","reissued","travel_rewards","mastercard","35607.46","0.641","0"
"59","2297","2020-02-19","active","cashback","visa","35632.05","0.56","0"
"60","11749","2020-12-25","temporarily_blocked","business","visa","23709.99","0.481","0"
"61","9896","2020-10-09","active","premium","mastercard","28413.75","0.77","0"
"62","5951","2020-08-01","active","student","mastercard","36774.0","0.896","0"
"63","9112","2021-09-02","active","premium","amex","12361.44","0.305","1"
"64","2217","2024-06-02","reissued","travel_rewards","amex","36347.02","0.544","1"
"65","7434","2025-05-23","active","business","mastercard","5009.21","0.565","1"
"66","3243","2019-04-11","closed","student","visa","8588.43","0.302","0"
"67","9334","2021-02-01","active","business","amex","25845.68","0.613","1"
"68","11692","2021-09-12","active","business","mastercard","34693.93","0.485","0"
"69","6333","2023-09-04","closed","travel_rewards","visa","5910.26","0.356","0"
"70","10453","2021-03-19","temporarily_blocked","business","visa","28601.53","0.047","1"
"71","2283","2025-06-06","closed","cashback","amex","24404.44","0.857","1"
"72","3393","2021-12-05","active","cashback","amex","20339.84","0.352","0"
"73","13217","2023-07-02","active","premium","mastercard","19111.65","0.105","0"
"74","2676","2021-01-05","temporarily_blocked","travel_rewards","mastercard","32464.93","0.027","1"
"75","8269","2020-08-03","active","premium","visa","35523.04","0.268","1"
"76","16517","2023-09-10","active","student","mastercard","14291.55","0.269","1"
"77","13964","2020-03-05","active","business","visa","15970.17","0.298","0"
"78","12828","2024-10-11","active","cashback","visa","11277.21","0.845","1"
"79","11871","2020-12-24","closed","premium","amex","37157.82","0.687","1"
"80","8705","2024-04-12","closed","travel_rewards","visa","13985.93","0.732","0"
"81","3465","2019-09-17","closed","student","amex","14256.3","0.895","1"
"82","9337","2019-04-18","active","travel_rewards","mastercard","25696.76","0.33","1"
"83","12925","2024-06-10","reissued","premium","mastercard","30066.32","0.34","1"
"84","4925","2025-04-24","closed","student","mastercard","34284.81","0.683","1"
"85","2227","2022-05-16","temporarily_blocked","student","amex","3081.5","0.927","0"
"86","9771","2023-12-26","temporarily_blocked","student","mastercard","3057.02","0.112","1"
"87","13877","2019-06-01","active","student","visa","37285.58","0.863","0"
"88","3358","2021-05-30","closed","business","amex","25543.81","0.328","1"
"89","16397","2023-08-22","active","business","mastercard","6538.23","0.847","0"
"90","17235","2019-07-15","active","business","visa","12156.84","0.87","0"
"91","15268","2020-09-25","temporarily_blocked","business","mastercard","1013.38","0.757","1"
"92","12647","2019-12-06","temporarily_blocked","business","visa","8205.39","0.884","0"
"93","3844","2025-08-25","reissued","student","amex","8164.33","0.201","0"
"94","1206","2024-07-11","reissued","travel_rewards","amex","14807.55","0.252","1"
"95","530","2025-03-17","closed","cashback","mastercard","12094.08","0.88","1"
"96","3468","2021-01-17","closed","travel_rewards","amex","8888.31","0.887","0"
"97","13256","2019-08-30","active","travel_rewards","visa","17543.4","0.306","1"
"98","13831","2020-11-04","active","premium","visa","1798.81","0.909","1"
"99","16070","2019-03-31","active","cashback","visa","17670.88","0.063","0"
"100","16118","2021-07-16","temporarily_blocked","business","mastercard","20634.38","0.534","0"
"101","6161","2020-02-23","reissued","travel_rewards","mastercard","26759.22","0.767","1"
"102","7043","2020-04-17","active","premium","mastercard","12585.96","0.13","1"
"103","14429","2022-01-21","temporarily_blocked","travel_rewards","visa","31614.23","0.111","1"
"104","4296","2019-03-01","active","premium","mastercard","4207.44","0.602","1"
"105","5702","2025-03-12","reissued","travel_rewards","mastercard","17705.19","0.043","1"
"106","4360","2024-04-21","closed","premium","visa","11707.33","0.165","1"
"107","6357","2022-08-19","reissued","premium","mastercard","18913.33","0.879","1"
"108","4264","2023-01-13","closed","cashback","mastercard","2835.88","0.8","0"
"109","13112","2022-06-27","temporarily_blocked","student","visa","24092.2","0.894","1"
"110","8067","2023-04-02","reissued","student","amex","28313.04","0.836","1"
"111","2358","2020-10-23","closed","travel_rewards","visa","35113.46","0.884","0"
"112","508","2024-10-11","reissued","business","amex","18595.87","0.864","1"
"113","17178","2019-09-22","closed","travel_rewards","mastercard","39530.29","0.13","0"
"114","10839","2019-12-17","closed","business","mastercard","7962.79","0.138","0"
"115","7870","2021-05-22","reissued","cashback","amex","9836.51","0.089","1"
"116","15509","2025-07-31","reissued","business","amex","12118.05","0.652","0"
"117","8444","2022-02-18","closed","cashback","amex","38993.87","0.126","1"
"118","28","2021-03-03","temporarily_blocked","cashback","visa","4929.71","0.891","1"
"119","9393","2021-09-15","temporarily_blocked","premium","amex","5378.22","0.608","0"
"120","2702","2023-04-13","reissued","cashback","mastercard","34103.64","0.411","1"
"121","1015","2023-01-03","temporarily_blocked","business","visa","22714.82","0.099","1"
"122","13633","2024-02-22","reissued","cashback","mastercard","35190.59","0.227","0"
"123","5573","2022-06-12","active","travel_rewards","visa","16409.69","0.637","0"
"124","9532","2022-06-09","reissued","premium","mastercard","10826.83","0.722","1"
"125","14868","2025-04-09","temporarily_blocked","student","amex","7116.29","0.393","0"
"126","2940","2022-02-17","reissued","student","visa","1603.09","0.866","1"
"127","13214","2022-12-20","reissued","cashback","mastercard","23078.2","0.175","0"
"128","14949","2023-08-27","reissued","travel_rewards","amex","20456.76","0.258","1"
"129","17286","2020-12-09","closed","travel_rewards","mastercard","3067.11","0.36","0"
"130","804","2025-03-01","temporarily_blocked","cashback","visa","2306.43","0.095","1"
"131","4347","2021-03-16","reissued","premium","amex","31477.09","0.213","1"
"132","8671","2024-03-15","reissued","premium","amex","23252.58","0.606","1"
"133","4866","2020-10-08","temporarily_blocked","premium","visa","13152.5","0.486","0"
"134","14320","2019-04-24","reissued","premium","mastercard","36663.98","0.751","1"
"135","5341","2022-07-05","closed","premium","visa","21702.39","0.581","1"
"136","4877","2022-04-20","active","travel_rewards","amex","21974.34","0.119","1"
"137","13574","2020-10-22","active","cashback","amex","18282.18","0.673","0"
"138","6820","2025-10-03","closed","premium","visa","31285.6","0.389","1"
"139","15922","2019-02-13","closed","business","amex","29361.93","0.433","1"
"140","58","2019-10-01","active","business","amex","19982.4","0.762","1"
"141","4110","2022-07-27","active","cashback","amex","5009.08","0.702","0"
"142","3016","2019-05-15","temporarily_blocked","premium","amex","32045.51","0.185","0"
"143","11386","2019-02-04","temporarily_blocked","student","visa","909.66","0.431","1"
"144","5142","2025-03-15","closed","student","visa","24394.18","0.567","0"
"145","7682","2020-04-24","closed","premium","amex","34346.69","0.591","1"
"146","6748","2020-03-19","temporarily_blocked","student","amex","12547.24","0.143","1"
"147","15521","2021-02-11","temporarily_blocked","travel_rewards","visa","29844.24","0.572","0"
"148","9897","2021-09-20","temporarily_blocked","student","amex","29224.19","0.023","0"
"149","16736","2021-10-31","active","student","visa","29892.23","0.566","0"
"150","13166","2024-10-06","reissued","premium","mastercard","33832.2","0.035","1"
"151","7101","2019-02-24","reissued","premium","visa","6861.14","0.209","1"
"152","17592","2022-07-28","reissued","cashback","mastercard","39392.48","0.462","1"
"153","7972","2021-09-22","closed","business","visa","24127.56","0.534","0"
"154","15455","2022-03-31","active","travel_rewards","visa","5231.91","0.748","1"
"155","9299","2025-10-27","active","travel_rewards","mastercard","35437.9","0.283","0"
"156","14719","2019-08-05","reissued","student","amex","21627.21","0.663","1"
"157","9754","2021-06-13","active","travel_rewards","amex","21332.14","0.873","0"
"158","1762","2019-10-25","reissued","business","mastercard","4142.16","0.676","1"
"159","10673","2024-09-18","closed","travel_rewards","visa","8132.39","0.542","0"
"160","16928","2019-07-27","active","premium","amex","6696.66","0.129","0"
"161","7925","2020-06-27","active","business","visa","36779.68","0.303","1"
"162","1499","2023-04-22","closed","cashback","amex","1954.88","0.3","1"
"163","6666","2020-06-03","temporarily_blocked","travel_rewards","mastercard","35651.47","0.529","0"
"164","6356","2022-03-20","closed","student","visa","33629.92","0.178","0"
"165","13349","2019-08-04","reissued","travel_rewards","mastercard","26232.99","0.374","1"
"166","5492","2021-12-11","closed","student","amex","36028.05","0.478","1"
"167","745","2024-08-27","temporarily_blocked","travel_rewards","mastercard","39819.65","0.815","1"
"168","9037","2019-05-18","reissued","cashback","mastercard","26500.24","0.868","1"
"169","11826","2024-10-27","active","travel_rewards","amex","22395.6","0.695","0"
"170","8738","2021-08-10","closed","student","amex","26393.29","0.437","1"
"171","8707","2024-02-20","reissued","student","mastercard","35806.51","0.448","0"
"172","3929","2020-01-12","active","cashback","mastercard","27060.8","0.77","0"
"173","10320","2023-11-04","temporarily_blocked","travel_rewards","mastercard","35666.28","0.048","0"
"174","8464","2023-06-17","reissued","premium","amex","37828.19","0.714","0"
"175","14084","2020-12-22","active","premium","amex","33773.81","0.129","0"
"176","14253","2023-12-05","closed","business","mastercard","8999.45","0.253","1"
"177","14210","2020-04-27","closed","business","amex","26877.41","0.372","1"
"178","10428","2020-11-07","temporarily_blocked","premium","amex","15850.9","0.533","0"
"179","14620","2020-07-22","active","premium","mastercard","3680.85","0.931","1"
"180","13526","2024-07-23","closed","premium","visa","2941.55","0.538","0"
"181","13987","2020-09-28","closed","premium","amex","25463.89","0.304","0"
"182","1352","2022-11-07","reissued","cashback","visa","28183.81","0.374","0"
"183","3742","2024-08-10","temporarily_blocked","premium","amex","33862.41","0.484","1"
"184","6831","2025-10-17","active","premium","amex","39526.43","0.314","0"
"185","8265","2025-04-06","closed","premium","visa","20961.48","0.868","1"
"186","14098","2019-09-19","reissued","cashback","visa","23181.94","0.856","0"
"187","11847","2020-02-11","active","student","visa","15405.55","0.456","1"
"188","7597","2025-05-02","active","student","amex","28769.64","0.34","0"
"189","10503","2022-07-13","active","student","mastercard","17100.53","0.139","1"
"190","418","2025-02-17","reissued","premium","visa","28081.07","0.916","1"
"191","11438","2024-12-10","temporarily_blocked","travel_rewards","amex","36238.97","0.6","1"
"192","12843","2025-02-05","temporarily_blocked","travel_rewards","amex","18255.28","0.241","1"
"193","5649","2024-03-03","reissued","business","amex","17907.65","0.381","1"
"194","3930","2023-09-16","closed","business","visa","30282.61","0.185","1"
"195","2583","2024-04-04","active","travel_rewards","amex","30183.0","0.16","1"
"196","12574","2025-02-13","reissued","premium","visa","25537.91","0.506","1"
"197","16010","2022-04-24","closed","travel_rewards","amex","21595.58","0.818","0"
"198","7091","2023-02-08","reissued","travel_rewards","visa","3211.62","0.597","1"
"199","16935","2019-10-16","active","premium","amex","17697.22","0.284","1"
"200","10463","2022-01-13","temporarily_blocked","business","mastercard","17956.49","0.423","1"
"201","523","2020-05-27","reissued","cashback","visa","18669.6","0.021","1"
"202","9925","2023-10-30","closed","travel_rewards","mastercard","3734.51","0.41","0"
"203","8254","2022-10-13","active","business","visa","15779.67","0.272","0"
"204","6828","2021-05-24","active","student","mastercard","20315.98","0.349","0"
"205","14621","2024-04-14","active","travel_rewards","visa","27276.15","0.22","0"
"206","17503","2025-06-19","temporarily_blocked","premium","amex","31896.0","0.708","1"
"207","9455","2023-06-27","active","premium","mastercard","37838.69","0.12","0"
"208","14332","2019-04-06","closed","cashback","amex","20216.77","0.814","1"
"209","1794","2023-07-14","closed","travel_rewards","amex","18914.13","0.181","0"
"210","1176","2023-12-03","reissued","business","visa","27757.91","0.776","1"
"211","11486","2019-01-31","active","student","amex","12661.83","0.434","0"
"212","13451","2023-01-20","temporarily_blocked","student","amex","29956.38","0.502","1"
"213","13295","2019-06-02","reissued","premium","amex","31458.33","0.326","0"
"214","16980","2024-08-31","reissued","business","visa","9168.14","0.817","1"
"215","15408","2023-08-03","temporarily_blocked","travel_rewards","mastercard","36660.44","0.535","1"
"216","16214","2022-10-18","closed","student","mastercard","27476.65","0.808","0"
"217","15044","2019-04-15","reissued","business","visa","6130.86","0.337","0"
"218","4032","2025-05-08","closed","travel_rewards","amex","11893.81","0.599","1"
"219","640","2022-07-17","active","premium","visa","3326.18","0.453","0"
"220","2492","2024-03-07","closed","business","visa","21792.58","0.597","0"
"221","14967","2020-07-29","active","business","visa","33504.13","0.462","1"
"222","7665","2021-08-21","closed","cashback","visa","8712.25","0.696","1"
"223","14514","2024-09-04","temporarily_blocked","student","mastercard","19609.02","0.079","0"
"224","6830","2024-03-09","closed","cashback","mastercard","37947.33","0.628","0"
"225","14293","2021-06-07","reissued","student","mastercard","32890.03","0.552","1"
"226","1272","2020-06-20","reissued","student","amex","35211.46","0.491","1"
"227","2620","2024-05-30","temporarily_blocked","premium","visa","39234.21","0.151","1"
"228","16534","2024-06-13","reissued","cashback","visa","22387.73","0.552","1"
"229","8097","2023-04-29","reissued","cashback","mastercard","23064.3","0.752","1"
"230","5601","2022-12-05","temporarily_blocked","cashback","mastercard","3468.81","0.857","0"
"231","12283","2020-08-02","closed","student","mastercard","21332.03","0.469","1"
"232","9926","2024-08-17","closed","cashback","mastercard","24480.53","0.824","1"
"233","13338","2020-10-05","temporarily_blocked","business","visa","11650.11","0.264","0"
"234","17350","2023-11-19","active","student","visa","29109.09","0.553","0"
"235","3696","2019-03-04","closed","student","amex","31912.44","0.51","1"
"236","15011","2023-06-10","reissued","cashback","visa","19920.64","0.174","0"
"237","7480","2020-02-18","reissued","business","mastercard","16200.12","0.174","0"
"238","14717","2019-06-16","reissued","travel_rewards","visa","4223.84","0.708","0"
"239","4905","2019-04-22","temporarily_blocked","premium","visa","24482.76","0.917","1"
"240","4617","2024-05-18","temporarily_blocked","business","mastercard","3029.29","0.435","0"
"241","12405","2024-10-15","reissued","business","mastercard","12884.51","0.605","1"
"242","2982","2021-05-09","reissued","business","mastercard","35075.61","0.188","1"
"243","6864","2020-09-26","temporarily_blocked","student","visa","21904.12","0.563","0"
"244","9631","2019-04-06","temporarily_blocked","premium","amex","30382.93","0.719","1"
"245","496","2022-08-22","reissued","premium","mastercard","2567.72","0.193","1"
"246","15632","2022-09-03","reissued","student","visa","11955.04","0.444","1"
"247","10322","2020-03-18","active","business","visa","6362.12","0.072","1"
"248","15510","2025-03-11","temporarily_blocked","travel_rewards","visa","752.08","0.639","1"
"249","5465","2019-06-05","reissued","travel_rewards","visa","36143.59","0.198","0"
"250","11248","2021-02-10","active","cashback","visa","29831.43","0.035","1"
"251","16858","2019-03-27","temporarily_blocked","cashback","visa","8476.23","0.746","0"
"252","17650","2021-03-30","temporarily_blocked","travel_rewards","visa","28637.34","0.32","0"
"253","9732","2021-02-27","temporarily_blocked","travel_rewards","visa","27180.12","0.086","1"
"254","12922","2022-07-14","active","travel_rewards","mastercard","25028.21","0.487","0"
"255","4548","2019-10-19","reissued","student","amex","32549.15","0.637","1"
"256","14909","2023-04-26","reissued","premium","visa","4667.35","0.185","0"
"257","16186","2022-06-06","reissued","travel_rewards","visa","21291.68","0.734","0"
"258","11242","2025-01-01","reissued","travel_rewards","amex","5131.45","0.766","0"
"259","16891","2024-09-21","temporarily_blocked","cashback","amex","32889.37","0.38","1"
"260","1493","2019-02-20","active","business","mastercard","8843.12","0.053","0"
"261","384","2021-06-30","active","cashback","mastercard","34546.57","0.718","1"
"262","8322","2020-11-24","reissued","premium","amex","14015.53","0.175","0"
"263","12134","2020-10-14","reissued","premium","mastercard","39092.63","0.304","1"
"264","9929","2021-01-01","temporarily_blocked","student","amex","4422.18","0.225","1"
"265","859","2022-02-03","active","travel_rewards","amex","26163.46","0.191","1"
"266","13586","2019-04-27","closed","cashback","amex","12547.74","0.634","0"
"267","7557","2022-06-23","active","student","amex","4197.27","0.081","0"
"268","10316","2023-05-19","closed","cashback","mastercard","22470.77","0.674","1"
"269","12728","2021-08-11","closed","premium","amex","12395.46","0.428","0"
"270","7829","2024-09-01","closed","business","visa","31063.26","0.319","1"
"271","7265","2024-07-17","active","business","amex","20303.03","0.928","0"
"272","13297","2020-09-10","reissued","premium","mastercard","17882.66","0.231","1"
"273","7277","2024-10-11","closed","student","mastercard","18721.4","0.544","0"
"274","7866","2020-02-01","active","premium","mastercard","27429.93","0.5","0"
"275","4076","2021-10-15","active","travel_rewards","mastercard","10399.01","0.827","0"
"276","12428","2019-05-17","temporarily_blocked","travel_rewards","mastercard","10912.13","0.782","0"
"277","1097","2025-06-11","temporarily_blocked","business","visa","37324.19","0.44","0"
"278","7053","2020-03-07","closed","student","mastercard","28065.76","0.183","1"
"279","11756","2020-06-08","temporarily_blocked","premium","visa","2661.18","0.081","0"
"280","8511","2023-06-18","temporarily_blocked","premium","mastercard","10814.07","0.403","0"
"281","8098","2023-07-18","temporarily_blocked","business","mastercard","6074.07","0.358","1"
"282","5388","2024-07-01","reissued","business","amex","2263.23","0.76","0"
"283","10521","2021-03-01","temporarily_blocked","business","amex","31123.44","0.387","0"
"284","14883","2021-04-09","active","student","visa","9618.12","0.463","0"
"285","17357","2025-10-26","reissued","business","amex","37790.88","0.721","1"
"286","4574","2019-02-17","temporarily_blocked","student","amex","10441.95","0.061","0"
"287","16851","2025-06-09","reissued","student","amex","12174.67","0.69","1"
"288","17871","2019-07-05","closed","travel_rewards","mastercard","5603.76","0.211","0"
"289","1181","2020-08-16","reissued","student","mastercard","15638.38","0.573","1"
"290","17551","2021-03-03","reissued","travel_rewards","amex","20037.68","0.645","0"
"291","16060","2024-03-01","reissued","travel_rewards","visa","38529.14","0.162","0"
"292","5556","2022-08-07","active","travel_rewards","amex","18217.08","0.512","0"
"293","4427","2019-09-21","reissued","travel_rewards","mastercard","8156.68","0.569","0"
"294","4455","2022-10-26","temporarily_blocked","premium","visa","32394.17","0.097","1"
"295","1336","2022-12-04","reissued","cashback","visa","4723.59","0.467","0"
"296","4862","2020-07-08","closed","cashback","visa","31420.67","0.212","0"
"297","16407","2024-09-24","closed","premium","mastercard","24760.13","0.891","1"
"298","6082","2021-10-03","reissued","travel_rewards","visa","30944.74","0.702","1"
"299","520","2025-07-06","active","cashback","mastercard","6614.77","0.189","0"
"300","15981","2020-07-22","closed","student","amex","1720.27","0.102","1"
"301","11547","2024-12-11","closed","cashback","amex","7254.34","0.78","0"
"302","6411","2021-05-27","active","student","amex","23438.64","0.463","1"
"303","14429","2024-12-16","reissued","business","visa","1624.74","0.155","1"
"304","14301","2022-11-29","reissued","student","visa","5515.62","0.38","1"
"305","7089","2021-08-31","reissued","cashback","amex","17949.03","0.869","0"
"306","12747","2019-07-09","temporarily_blocked","travel_rewards","mastercard","17383.85","0.832","1"
"307","4423","2019-06-11","active","travel_rewards","amex","39905.32","0.252","1"
"308","17844","2023-07-16","closed","premium","amex","33677.86","0.087","0"
"309","6349","2023-10-10","closed","student","visa","17261.69","0.188","1"
"310","3778","2021-02-02","active","cashback","mastercard","15363.88","0.804","0"
"311","1327","2020-06-29","temporarily_blocked","premium","mastercard","17019.88","0.325","1"
"312","6579","2024-04-26","closed","travel_rewards","mastercard","2617.08","0.344","0"
"313","13262","2024-05-16","closed","travel_rewards","mastercard","31316.29","0.786","1"
"314","10941","2021-04-20","active","premium","amex","26658.12","0.59","0"
"315","9156","2021-08-13","closed","student","mastercard","38724.26","0.63","1"
"316","6857","2022-12-12","temporarily_blocked","cashback","amex","39480.74","0.051","0"
"317","5816","2022-03-13","reissued","cashback","mastercard","3980.86","0.855","0"
"318","2575","2022-08-29","closed","business","amex","36237.8","0.487","1"
"319","8577","2019-09-06","active","business","mastercard","39543.29","0.389","1"
"320","17975","2023-03-03","closed","travel_rewards","visa","8172.81","0.749","1"
"321","7546","2025-06-18","reissued","student","mastercard","19156.36","0.842","0"
"322","1254","2019-12-12","closed","cashback","mastercard","24306.56","0.626","0"
"323","2021","2025-08-16","temporarily_blocked","student","visa","30580.77","0.746","1"
"324","17502","2022-05-01","reissued","student","amex","34473.11","0.463","1"
"325","784","2023-02-27","active","premium","mastercard","20648.29","0.415","1"
"326","16712","2025-06-05","closed","cashback","amex","38020.78","0.236","1"
"327","9654","2024-01-30","temporarily_blocked","travel_rewards","visa","25725.68","0.089","0"
"328","6071","2020-09-29","temporarily_blocked","student","amex","15485.9","0.304","1"
"329","9913","2022-07-23","reissued","business","mastercard","5536.17","0.759","1"
"330","11978","2025-05-11","reissued","cashback","visa","6710.69","0.471","1"
"331","7054","2024-04-28","reissued","student","amex","25354.53","0.733","0"
"332","15290","2024-04-18","temporarily_blocked","premium","visa","27047.9","0.408","0"
"333","12990","2023-03-14","reissued","business","amex","36408.47","0.647","0"
"334","5364","2022-10-05","temporarily_blocked","business","amex","5906.02","0.422","0"
"335","1725","2024-08-30","reissued","cashback","visa","38385.1","0.581","1"
"336","4765","2020-05-10","reissued","travel_rewards","mastercard","39954.08","0.771","1"
"337","8546","2022-08-31","reissued","cashback","mastercard","17153.5","0.462","0"
"338","11843","2020-02-11","temporarily_blocked","business","visa","27065.82","0.21","0"
"339","8296","2024-10-08","active","cashback","amex","12604.27","0.276","0"
"340","2381","2025-05-24","active","cashback","visa","35169.71","0.654","1"
"341","2322","2020-09-09","temporarily_blocked","premium","amex","33773.19","0.453","1"
"342","5203","2019-05-09","closed","travel_rewards","visa","22105.91","0.477","1"
"343","5323","2023-02-12","active","cashback","mastercard","31706.16","0.4","0"
"344","15510","2025-04-25","active","premium","mastercard","15435.2","0.321","0"
"345","17426","2020-12-16","closed","business","amex","20660.22","0.083","1"
"346","3563","2023-05-30","temporarily_blocked","travel_rewards","amex","33852.13","0.702","0"
"347","16897","2021-10-10","temporarily_blocked","student","amex","19193.06","0.75","1"
"348","15759","2025-10-24","temporarily_blocked","business","visa","9304.15","0.571","1"
"349","5466","2019-04-11","closed","cashback","mastercard","23565.58","0.843","1"
"350","1839","2024-03-12","closed","cashback","amex","33680.77","0.14","0"
"351","12235","2021-01-20","temporarily_blocked","student","visa","11589.14","0.034","1"
"352","6170","2022-06-22","reissued","travel_rewards","visa","13249.07","0.203","0"
"353","416","2021-10-16","closed","business","mastercard","13308.37","0.726","0"
"354","13124","2024-05-13","active","travel_rewards","mastercard","4291.51","0.387","0"
"355","7071","2020-12-15","temporarily_blocked","cashback","mastercard","17298.91","0.024","0"
"356","11964","2025-02-21","reissued","business","visa","29285.9","0.25","1"
"357","8884","2019-05-27","temporarily_blocked","travel_rewards","mastercard","35768.76","0.851","1"
"358","3744","2021-08-10","reissued","cashback","mastercard","23282.24","0.057","1"
"359","476","2024-12-08","reissued","student","amex","1163.3","0.768","0"
"360","3545","2021-03-01","reissued","premium","mastercard","25495.09","0.139","0"
"361","17234","2019-03-04","closed","cashback","amex","23785.58","0.212","1"
"362","15366","2024-09-29","active","student","mastercard","15375.41","0.078","0"
"363","2156","2020-03-08","reissued","student","amex","27255.25","0.399","0"
"364","1465","2021-02-15","closed","premium","visa","33584.12","0.595","0"
"365","14560","2025-04-20","active","premium","amex","18010.18","0.896","1"
"366","6997","2019-05-24","temporarily_blocked","student","mastercard","4712.5","0.857","1"
"367","12170","2020-03-02","closed","cashback","visa","30586.68","0.304","0"
"368","2200","2021-06-04","closed","cashback","amex","2363.56","0.919","1"
"369","11135","2019-09-06","active","premium","amex","35426.75","0.078","1"
"370","7785","2024-09-18","temporarily_blocked","business","mastercard","34817.15","0.375","0"
"371","3585","2019-01-17","active","cashback","visa","15154.44","0.873","0"
"372","1874","2023-04-23","closed","student","mastercard","28778.4","0.414","0"
"373","16139","2024-11-07","active","business","mastercard","21460.72","0.346","0"
"374","13389","2019-07-24","temporarily_blocked","travel_rewards","amex","30361.64","0.784","1"
"375","14573","2022-03-06","closed","cashback","amex","6211.39","0.06","0"
"376","72","2024-12-28","active","premium","amex","8252.67","0.024","0"
"377","3402","2025-09-26","temporarily_blocked","premium","amex","8970.98","0.7","0"
"378","2500","2025-01-26","active","travel_rewards","mastercard","22004.04","0.496","0"
"379","14299","2022-11-20","closed","student","visa","28426.76","0.592","0"
"380","5424","2021-01-07","active","premium","amex","10958.12","0.283","1"
"381","13403","2023-08-20","temporarily_blocked","business","amex","26788.02","0.756","0"
"382","5151","2021-05-16","active","travel_rewards","mastercard","32006.76","0.82","1"
"383","11951","2020-08-21","temporarily_blocked","student","mastercard","33091.38","0.57","1"
"384","2678","2023-08-19","temporarily_blocked","business","visa","4051.53","0.207","0"
"385","13535","2023-01-03","active","travel_rewards","mastercard","1808.25","0.32","1"
"386","17133","2024-12-20","reissued","travel_rewards","visa","37446.14","0.221","1"
"387","7668","2024-09-17","temporarily_blocked","premium","mastercard","18195.73","0.674","0"
"388","9891","2020-01-11","reissued","student","amex","28302.95","0.59","0"
"389","1960","2020-07-31","closed","premium","mastercard","35295.39","0.848","0"
"390","5009","2023-07-30","temporarily_blocked","cashback","visa","6023.54","0.738","1"
"391","7632","2022-03-29","closed","travel_rewards","mastercard","38148.16","0.067","0"
"392","12322","2021-08-14","closed","student","visa","6158.04","0.179","0"
"393","2575","2023-12-02","reissued","cashback","visa","12380.62","0.365","1"
"394","14603","2022-12-18","reissued","cashback","amex","21572.41","0.442","0"
"395","6310","2025-10-30","reissued","premium","mastercard","36673.74","0.447","1"
"396","2290","2021-03-11","temporarily_blocked","cashback","mastercard","18264.25","0.261","1"
"397","7527","2023-03-03","closed","student","mastercard","2787.61","0.623","1"
"398","13409","2025-08-03","reissued","business","amex","13100.91","0.831","0"
"399","103","2021-09-01","closed","cashback","amex","544.04","0.146","1"
"400","11633","2022-12-05","temporarily_blocked","cashback","visa","7211.31","0.042","0"
"401","9202","2020-04-28","closed","travel_rewards","visa","11407.46","0.544","1"
"402","7405","2019-08-05","reissued","student","mastercard","33405.12","0.661","0"
"403","16918","2024-08-28","reissued","travel_rewards","amex","36626.18","0.455","1"
"404","14710","2021-09-15","reissued","premium","visa","11267.64","0.445","1"
"405","1558","2024-10-23","closed","business","amex","17285.15","0.227","0"
"406","10208","2021-02-15","reissued","student","amex","18250.17","0.902","1"
"407","137","2021-08-15","reissued","premium","visa","4746.67","0.283","1"
"408","7262","2020-02-08","reissued","student","mastercard","7833.82","0.423","1"
"409","4219","2021-06-30","reissued","business","amex","37791.73","0.33","0"
"410","17309","2021-02-02","active","business","mastercard","39072.98","0.301","1"
"411","16308","2024-07-04","temporarily_blocked","travel_rewards","visa","39706.23","0.739","0"
"412","10952","2021-08-18","temporarily_blocked","cashback","mastercard","10513.8","0.632","0"
"413","7275","2019-11-27","active","premium","visa","22129.97","0.199","0"
"414","12273","2021-08-20","closed","cashback","mastercard","13648.72","0.231","1"
"415","16499","2020-11-28","reissued","student","amex","19556.58","0.426","0"
"416","16486","2023-09-03","closed","student","amex","33137.31","0.1","1"
"417","9712","2023-02-06","reissued","travel_rewards","visa","12858.44","0.524","1"
"418","5510","2021-05-29","active","student","visa","12032.67","0.495","0"
"419","15789","2020-08-27","reissued","student","visa","19750.56","0.633","0"
"420","3424","2020-01-11","active","student","mastercard","34383.09","0.104","0"
"421","2420","2022-09-17","reissued","cashback","amex","28423.82","0.665","0"
"422","13043","2025-07-26","closed","travel_rewards","visa","4363.75","0.825","1"
"423","4536","2019-02-16","temporarily_blocked","cashback","visa","14001.83","0.702","0"
"424","13298","2024-06-08","closed","travel_rewards","amex","37779.78","0.578","1"
"425","2864","2020-01-23","closed","business","visa","33798.61","0.397","1"
"426","10973","2025-07-10","active","student","mastercard","24756.82","0.346","0"
"427","8179","2020-05-09","reissued","student","mastercard","11381.81","0.17","0"
"428","13964","2025-03-30","reissued","student","visa","33217.43","0.19","1"
"429","6725","2021-11-27","temporarily_blocked","cashback","amex","17741.45","0.507","0"
"430","13913","2021-11-12","reissued","premium","amex","11798.96","0.253","1"
"431","16868","2024-04-14","reissued","cashback","amex","39423.07","0.14","1"
"432","16682","2021-09-24","reissued","cashback","visa","30707.01","0.676","0"
"433","6145","2019-06-22","closed","travel_rewards","visa","17438.16","0.503","0"
"434","10148","2022-01-10","temporarily_blocked","business","mastercard","16905.11","0.661","0"
"435","5424","2021-07-11","active","cashback","amex","16816.86","0.086","0"
"436","1774","2022-05-10","closed","premium","visa","32276.58","0.548","0"
"437","15603","2019-06-14","temporarily_blocked","business","mastercard","30762.78","0.883","0"
"438","6178","2019-10-17","active","student","mastercard","10059.52","0.455","1"
"439","17017","2020-05-09","closed","travel_rewards","visa","11647.31","0.671","0"
"440","10861","2025-04-24","reissued","travel_rewards","amex","28859.04","0.455","0"
"441","14520","2024-10-31","temporarily_blocked","premium","mastercard","13469.51","0.177","1"
"442","7016","2020-06-06","temporarily_blocked","student","mastercard","4549.55","0.545","1"
"443","17926","2024-10-21","temporarily_blocked","travel_rewards","amex","24239.48","0.642","1"
"444","3272","2022-09-30","temporarily_blocked","student","amex","34319.45","0.081","1"
"445","17609","2019-07-05","reissued","cashback","amex","23196.8","0.318","1"
"446","1585","2022-03-27","temporarily_blocked","premium","visa","35465.22","0.621","1"
"447","9267","2023-02-10","active","student","amex","25879.9","0.114","1"
"448","5605","2019-09-03","reissued","cashback","visa","1442.68","0.488","1"
"449","9760","2024-04-16","closed","cashback","mastercard","29377.12","0.852","1"
"450","13309","2024-07-04","closed","premium","visa","12031.2","0.485","0"
"451","12097","2025-07-11","temporarily_blocked","cashback","amex","17948.65","0.807","1"
"452","5019","2025-01-01","temporarily_blocked","premium","visa","23663.3","0.244","1"
"453","6928","2023-01-09","reissued","cashback","visa","39870.18","0.762","0"
"454","3976","2021-09-29","active","travel_rewards","mastercard","8164.79","0.213","1"
"455","6821","2025-09-30","closed","student","amex","6941.74","0.779","0"
"456","12137","2019-11-15","active","premium","mastercard","618.48","0.457","0"
"457","11372","2021-06-05","reissued","premium","amex","37563.83","0.835","0"
"458","12885","2022-03-27","reissued","business","amex","2877.46","0.318","0"
"459","1916","2022-12-13","temporarily_blocked","cashback","mastercard","36052.46","0.574","0"
"460","2237","2023-11-01","reissued","cashback","amex","12919.23","0.087","0"
"461","14860","2021-05-23","closed","travel_rewards","amex","28594.52","0.651","1"
"462","13323","2022-05-06","reissued","premium","visa","27033.04","0.69","0"
"463","15899","2022-07-13","closed","travel_rewards","mastercard","21678.51","0.889","0"
"464","5071","2020-05-27","active","cashback","mastercard","14905.82","0.08","1"
"465","2718","2024-02-19","closed","cashback","mastercard","6604.6","0.294","0"
"466","15333","2023-09-01","closed","business","mastercard","10578.48","0.665","1"
"467","16309","2022-05-14","temporarily_blocked","cashback","visa","12315.64","0.722","0"
"468","11666","2025-02-13","temporarily_blocked","cashback","amex","28815.81","0.276","0"
"469","903","2019-06-09","active","business","visa","27310.55","0.528","1"
"470","11894","2021-12-30","closed","cashback","mastercard","39698.85","0.898","0"
"471","9306","2019-08-11","reissued","travel_rewards","amex","10175.02","0.168","1"
"472","437","2022-09-05","reissued","student","amex","12938.49","0.477","1"
"473","13358","2024-11-08","active","business","mastercard","25733.47","0.743","0"
"474","7374","2020-02-04","temporarily_blocked","business","mastercard","5129.31","0.32","0"
"475","9689","2020-03-06","active","travel_rewards","amex","6741.35","0.583","1"
"476","10941","2020-05-15","closed","business","amex","8757.76","0.083","1"
"477","5508","2022-07-01","temporarily_blocked","business","amex","12170.15","0.5","1"
"478","14560","2024-06-23","reissued","student","mastercard","36356.71","0.633","1"
"479","17446","2021-07-01","temporarily_blocked","cashback","mastercard","38568.18","0.47","1"
"480","8863","2022-01-16","active","premium","mastercard","21364.53","0.477","1"
"481","1118","2024-01-06","active","premium","amex","16325.23","0.344","0"
"482","10590","2023-06-08","reissued","travel_rewards","mastercard","10059.09","0.141","1"
"483","3172","2024-02-04","active","cashback","amex","3679.39","0.387","1"
"484","7665","2021-11-27","active","student","mastercard","2025.06","0.466","1"
"485","6900","2023-09-20","active","cashback","visa","33960.27","0.122","0"
"486","11415","2024-12-22","reissued","business","mastercard","31055.87","0.184","0"
"487","17036","2022-11-20","temporarily_blocked","student","amex","23227.3","0.478","1"
"488","12698","2022-10-07","reissued","cashback","mastercard","1537.31","0.309","1"
"489","4365","2021-09-21","closed","business","visa","4010.05","0.685","0"
"490","177","2025-07-03","reissued","business","visa","3142.48","0.883","0"
"491","1998","2019-04-24","reissued","cashback","amex","1058.83","0.282","1"
"492","13548","2020-07-19","active","business","visa","20007.46","0.335","0"
"493","14254","2023-01-03","closed","premium","mastercard","780.2","0.383","1"
"494","17137","2022-01-26","reissued","premium","mastercard","5747.37","0.218","1"
"495","12708","2019-07-15","active","business","mastercard","24235.73","0.384","0"
"496","14092","2019-11-13","temporarily_blocked","travel_rewards","amex","18606.01","0.221","1"
"497","14455","2019-10-01","closed","travel_rewards","mastercard","39511.83","0.027","0"
"498","13975","2021-02-25","closed","cashback","amex","21803.85","0.623","1"
"499","4235","2022-02-20","active","business","amex","26079.72","0.401","1"
"500","5485","2025-08-11","temporarily_blocked","business","amex","17741.32","0.6","1"
"501","12442","2024-06-24","reissued","travel_rewards","mastercard","18300.27","0.691","1"
"502","3800","2023-09-07","active","cashback","amex","14455.23","0.583","1"
"503","7260","2022-11-18","active","premium","mastercard","22108.44","0.802","1"
"504","11512","2025-01-15","temporarily_blocked","travel_rewards","visa","18593.73","0.55","1"
"505","11775","2022-06-01","active","business","amex","17548.9","0.89","0"
"506","6013","2022-10-01","closed","travel_rewards","visa","1293.63","0.319","0"
"507","13361","2019-02-07","reissued","cashback","mastercard","38694.31","0.15","1"
"508","17390","2024-08-25","temporarily_blocked","business","visa","24471.93","0.046","1"
"509","2488","2020-08-03","reissued","student","mastercard","17190.73","0.255","1"
"510","15524","2020-10-11","temporarily_blocked","student","visa","11120.2","0.027","1"
"511","13799","2021-10-16","closed","student","visa","18416.71","0.62","1"
"512","5683","2025-10-29","closed","student","mastercard","29367.53","0.27","0"
"513","48","2021-03-08","reissued","cashback","amex","13973.16","0.408","1"
"514","2603","2020-04-09","reissued","travel_rewards","amex","2876.02","0.745","1"
"515","1294","2023-07-10","active","cashback","amex","25122.28","0.437","1"
"516","4065","2025-02-08","temporarily_blocked","student","amex","36952.67","0.452","1"
"517","6845","2024-05-09","active","cashback","mastercard","16825.1","0.117","0"
"518","7093","2023-08-16","reissued","cashback","mastercard","29062.32","0.87","0"
"519","15911","2025-06-01","reissued","student","visa","6894.83","0.126","1"
"520","12940","2024-03-17","temporarily_blocked","business","visa","10254.37","0.656","1"
"521","5257","2019-06-07","reissued","student","mastercard","31913.62","0.503","1"
"522","8869","2020-08-29","reissued","travel_rewards","amex","29986.88","0.705","1"
"523","12577","2021-05-08","temporarily_blocked","student","visa","39021.97","0.435","0"
"524","16887","2024-05-24","reissued","premium","amex","35451.31","0.376","0"
"525","9643","2020-01-24","closed","cashback","visa","29446.41","0.402","0"
"526","14124","2021-04-15","closed","cashback","amex","25599.42","0.208","0"
"527","10139","2019-06-11","temporarily_blocked","travel_rewards","mastercard","30207.11","0.436","0"
"528","6747","2023-11-23","active","student","amex","25774.31","0.193","0"
"529","9607","2025-06-13","reissued","premium","amex","33512.5","0.728","0"
"530","5851","2023-09-16","closed","premium","mastercard","22883.21","0.915","0"
"531","922","2021-07-04","closed","cashback","mastercard","28790.0","0.665","0"
"532","5260","2019-02-18","temporarily_blocked","travel_rewards","mastercard","1083.75","0.454","1"
"533","13029","2022-01-09","reissued","cashback","amex","966.39","0.54","0"
"534","4671","2024-02-12","reissued","premium","amex","23091.98","0.314","0"
"535","7409","2023-08-06","closed","student","mastercard","15962.59","0.67","0"
"536","7871","2019-04-11","closed","cashback","visa","25482.36","0.648","0"
"537","14273","2022-08-12","active","business","mastercard","11479.33","0.249","0"
"538","6522","2025-02-20","active","student","amex","11546.84","0.89","0"
"539","13780","2021-09-13","temporarily_blocked","cashback","visa","2590.96","0.461","0"
"540","2858","2022-02-04","active","business","amex","8067.4","0.611","0"
"541","4360","2019-05-19","reissued","premium","mastercard","4628.54","0.219","1"
"542","5806","2024-07-28","closed","business","mastercard","13259.3","0.222","1"
"543","8078","2020-11-27","closed","business","visa","23288.55","0.935","0"
"544","13605","2019-08-22","reissued","cashback","visa","5633.56","0.418","0"
"545","15796","2021-12-06","closed","student","amex","29542.95","0.829","0"
"546","11018","2020-02-24","temporarily_blocked","travel_rewards","mastercard","1394.95","0.447","0"
"547","9922","2022-07-22","reissued","premium","visa","38705.09","0.671","0"
"548","14602","2022-01-31","active","cashback","mastercard","13154.99","0.815","0"
"549","1706","2021-02-09","closed","business","mastercard","23374.36","0.69","0"
"550","4077","2020-03-19","reissued","cashback","visa","1682.8","0.94","1"
"551","16386","2019-05-25","active","student","mastercard","16488.6","0.791","0"
"552","7717","2022-10-02","active","business","visa","27958.53","0.655","1"
"553","3915","2024-11-10","closed","student","mastercard","10439.56","0.137","1"
"554","443","2023-01-13","reissued","travel_rewards","mastercard","38053.13","0.431","0"
"555","15397","2025-07-05","reissued","student","amex","38414.77","0.61","1"
"556","8323","2019-07-24","active","premium","visa","4942.32","0.165","0"
"557","13518","2021-11-24","active","premium","amex","4064.53","0.271","1"
"558","16123","2023-01-10","active","travel_rewards","amex","7577.39","0.182","0"
"559","11255","2019-03-17","temporarily_blocked","student","visa","23527.66","0.307","0"
"560","3581","2021-07-20","active","business","visa","17252.37","0.714","1"
"561","12552","2022-09-09","active","cashback","visa","35381.75","0.518","1"
"562","12759","2025-07-22","active","student","amex","24014.31","0.101","0"
"563","561","2025-01-27","active","student","visa","7024.19","0.818","0"
"564","15071","2025-06-11","temporarily_blocked","student","visa","12701.09","0.707","1"
"565","13777","2025-10-21","temporarily_blocked","business","amex","20815.65","0.525","1"
"566","4637","2020-05-10","closed","student","visa","38696.24","0.72","1"
"567","6204","2025-04-09","active","premium","visa","14285.77","0.102","1"
"568","8948","2025-05-13","temporarily_blocked","student","mastercard","16737.98","0.757","0"
"569","17938","2022-06-06","temporarily_blocked","cashback","amex","9060.63","0.484","0"
"570","4176","2022-05-22","closed","business","mastercard","5873.34","0.254","0"
"571","7404","2020-05-06","closed","business","mastercard","35562.41","0.431","0"
"572","6244","2020-07-16","active","cashback","visa","5492.02","0.243","1"
"573","16333","2023-11-01","active","travel_rewards","amex","6054.01","0.598","1"
"574","8811","2025-02-11","active","cashback","visa","33881.82","0.401","0"
"575","3615","2019-06-02","closed","student","mastercard","2382.07","0.686","0"
"576","17704","2022-11-17","reissued","premium","visa","8764.29","0.54","0"
"577","9473","2024-02-20","active","premium","visa","2865.52","0.273","1"
"578","4645","2019-12-11","temporarily_blocked","premium","mastercard","11815.09","0.129","0"
"579","16483","2019-06-19","reissued","business","visa","29586.0","0.607","0"
"580","7353","2024-09-08","closed","premium","visa","38203.02","0.338","0"
"581","10389","2025-07-14","active","cashback","mastercard","9463.61","0.839","0"
"582","7394","2022-11-01","temporarily_blocked","premium","amex","24499.54","0.155","0"
"583","8183","2025-09-11","reissued","premium","visa","7733.12","0.358","0"
"584","6920","2022-08-04","closed","cashback","mastercard","2039.69","0.193","1"
"585","5493","2023-12-31","reissued","travel_rewards","visa","15752.94","0.383","1"
"586","5743","2019-10-15","active","student","amex","23343.29","0.632","0"
"587","11988","2025-01-01","active","premium","amex","39273.8","0.183","0"
"588","10495","2024-05-07","temporarily_blocked","premium","mastercard","35279.88","0.142","0"
"589","17790","2021-07-01","reissued","cashback","mastercard","20561.62","0.151","1"
"590","16268","2023-01-17","reissued","travel_rewards","amex","3349.18","0.161","0"
"591","1428","2022-03-31","reissued","cashback","visa","16701.29","0.092","0"
"592","7504","2022-09-03","reissued","premium","visa","32336.95","0.056","0"
"593","4101","2025-07-13","temporarily_blocked","business","mastercard","24667.21","0.512","0"
