"metric_id","merchant_id","metric_date","transactions_total","approved_amount","decline_rate","fraud_alerts_total","confirmed_fraud_total","chargeback_rate","loss_amount"
"1","7170","2025-02-19","380","276874.83","0.2481","20","12","0.0109","44027.9"
"2","2008","2025-07-12","733","111069.2","0.1632","47","10","0.0329","40603.72"
"3","8993","2025-05-15","564","68759.26","0.0416","87","16","0.1008","40243.18"
"4","6628","2025-02-09","1170","107870.82","0.1018","9","2","0.0063","40262.56"
"5","5680","2025-09-06","46","245600.11","0.0446","44","23","0.1001","49547.36"
"6","1101","2025-11-15","1454","18827.73","0.1347","54","2","0.1457","32425.31"
"7","11761","2025-04-10","1758","142438.59","0.1439","46","13","0.0006","27489.31"
"8","4267","2025-06-15","367","54599.73","0.0539","71","8","0.0327","8651.57"
"9","10656","2025-02-16","1662","174689.03","0.2373","36","9","0.1152","40819.89"
"10","2699","2025-03-02","1143","197240.36","0.1841","74","23","0.1328","49481.01"
"11","13985","2025-08-23","933","35363.28","0.0605","73","12","0.1285","19867.38"
"12","13845","2025-07-31","763","100750.63","0.2278","7","12","0.0717","11332.05"
"13","12320","2025-07-25","583","19298.48","0.0051","20","13","0.1052","45249.57"
"14","11255","2025-11-03","327","276375.72","0.0087","51","17","0.0888","4536.95"
"15","2549","2025-07-12","1457","97106.99","0.228","15","17","0.1339","75.19"
"16","11528","2025-06-16","40","273748.02","0.0428","3","26","0.0022","46399.68"
"17","5633","2025-11-13","682","201395.02","0.0387","8","13","0.159","49713.03"
"18","7942","2025-05-07","587","131757.35","0.0545","85","15","0.1307","4938.1"
"19","6461","2025-07-17","645","220924.76","0.1271","78","4","0.1097","36619.51"
"20","889","2025-08-06","1461","156612.52","0.1274","84","4","0.0601","22853.59"
"21","11906","2025-12-05","205","18768.32","0.0905","68","10","0.0259","957.49"
"22","5825","2025-10-31","656","239483.02","0.0802","84","28","0.1035","35285.06"
"23","7502","2025-02-08","109","98273.12","0.216","20","9","0.1393","49090.96"
"24","5728","2025-07-12","1676","194418.33","0.1271","50","12","0.081","9032.36"
"25","5516","2025-07-23","882","38007.61","0.111","35","30","0.0312","15281.79"
"26","7775","2025-06-14","998","239756.39","0.1612","65","11","0.1597","29794.96"
"27","5966","2025-12-05","937","166320.39","0.1975","76","10","0.0614","7019.37"
"28","9085","2025-08-10","1487","48502.27","0.0041","36","3","0.0591","26314.05"
"29","6315","2025-04-13","155","213802.29","0.1189","40","9","0.0807","24792.92"
"30","14897","2025-09-04","1062","157183.37","0.0221","44","10","0.1595","44270.97"
"31","8228","2025-03-14","1597","62645.95","0.0405","7","23","0.0299","43945.8"
"32","7348","2025-10-28","808","259639.02","0.1487","5","4","0.0076","1839.37"
"33","12125","2025-02-04","1755","134163.32","0.2164","46","16","0.0948","44073.07"
"34","6014","2025-05-10","497","198341.04","0.0872","20","22","0.1176","28725.36"
"35","4324","2025-05-10","991","40287.73","0.1277","48","22","0.0649","24716.62"
"36","7142","2025-07-22","1227","102147.63","0.0235","45","2","0.0734","15580.61"
"37","8226","2025-06-13","1457","3470.25","0.248","44","5","0.0421","19862.36"
"38","13974","2025-06-06","645","270060.47","0.1614","51","17","0.1565","42217.66"
"39","2321","2025-06-16","938","58991.58","0.0099","51","11","0.0046","2906.99"
"40","11230","2025-04-25","277","149031.69","0.0515","0","21","0.0288","18358.42"
"41","13468","2025-01-14","1593","103765.52","0.0647","57","22","0.0381","40812.94"
"42","14154","2025-05-13","447","137051.39","0.0229","32","3","0.1421","5176.76"
"43","4134","2025-01-19","880","175130.45","0.2053","3","0","0.1181","15332.94"
"44","1016","2025-01-30","46","194314.75","0.0122","32","0","0.044","44304.76"
"45","13103","2025-02-07","175","227189.23","0.2215","4","15","0.0432","32205.6"
"46","10766","2025-04-20","219","210814.84","0.116","74","25","0.0883","37609.3"
"47","626","2025-11-29","637","83602.18","0.0407","20","19","0.0037","31034.56"
"48","5659","2025-09-08","250","165237.45","0.1993","48","25","0.0862","10680.38"
"49","11025","2025-04-20","1378","240369.99","0.1952","64","28","0.1174","37616.97"
"50","3580","2025-07-21","1187","34389.42","0.1986","83","30","0.1467","3581.22"
"51","9979","2025-11-21","63","22453.82","0.0755","0","13","0.019","43025.37"
"52","4019","2025-01-05","105","231689.8","0.1897","18","0","0.1192","19697.41"
"53","4192","2025-07-30","884","69548.42","0.0121","30","1","0.0933","950.9"
"54","7898","2025-07-28","757","15859.95","0.0435","87","4","0.0054","1662.05"
"55","9214","2025-03-23","394","148025.65","0.0235","66","26","0.1594","35742.21"
"56","13600","2025-12-28","742","64185.83","0.2139","71","12","0.0948","5160.16"
"57","1512","2025-11-19","1068","263613.84","0.1626","74","5","0.0547","3344.23"
"58","3451","2025-03-03","581","266948.59","0.1292","84","6","0.159","42833.57"
"59","10245","2025-06-18","1582","140230.3","0.1176","71","8","0.1313","48718.07"
"60","4638","2025-06-16","655","123482.45","0.0248","85","1","0.0951","24993.73"
"61","12476","2025-06-19","1791","217849.86","0.066","81","23","0.1538","23121.99"
"62","12922","2025-08-16","1654","12625.57","0.201","58","30","0.0197","13667.73"
"63","2336","2025-08-19","666","3923.26","0.0827","42","8","0.03","4164.94"
"64","4900","2025-01-22","1727","260600.36","0.0412","0","15","0.1395","5761.85"
"65","6354","2025-06-07","1468","7492.72","0.0251","18","18","0.0074","4474.37"
"66","13458","2025-09-11","1747","269260.25","0.2176","44","13","0.0578","43227.24"
"67","13433","2025-12-21","846","78996.21","0.2021","72","27","0.1082","49193.36"
"68","2781","2025-05-26","293","2248.28","0.1723","25","21","0.1585","6819.95"
"69","14824","2025-06-08","980","240348.5","0.0576","70","12","0.0499","9435.36"
"70","9413","2025-04-03","130","3430.82","0.0097","42","17","0.0657","43435.97"
"71","8610","2025-08-23","832","51262.95","0.0069","10","19","0.0295","14358.67"
"72","5047","2025-02-19","1685","120636.48","0.0215","16","3","0.0755","21608.63"
"73","7750","2025-02-28","836","60397.66","0.068","66","28","0.0598","31727.42"
"74","11516","2025-04-09","1119","55150.44","0.2496","85","1","0.0622","37452.65"
"75","6916","2025-09-28","291","229855.84","0.0454","72","0","0.159","22465.42"
"76","5006","2025-01-06","1012","188709.03","0.1884","11","23","0.0881","10436.4"
"77","5233","2025-04-29","1191","37406.48","0.0802","83","22","0.0211","34987.14"
"78","14610","2025-03-08","1149","153988.85","0.1133","31","5","0.0691","1647.64"
"79","10518","2025-07-15","369","192796.69","0.0559","89","3","0.0927","36849.61"
"80","3114","2025-06-24","1447","155707.61","0.2463","4","1","0.1299","40422.51"
"81","12493","2025-11-14","1171","76503.47","0.0767","44","30","0.0369","2186.75"
"82","1115","2025-02-11","1256","39890.58","0.0022","55","5","0.0686","28164.44"
"83","12094","2025-11-01","265","135264.06","0.0726","23","3","0.0514","49159.75"
"84","9479","2025-10-30","907","113329.58","0.2292","56","20","0.0797","41163.65"
"85","13737","2025-09-19","377","127006.29","0.0516","25","5","0.0176","24733.85"
"86","4850","2025-08-05","818","229007.35","0.0471","9","2","0.0394","37125.26"
"87","8269","2025-01-16","710","210015.27","0.2163","60","21","0.0808","17220.94"
"88","5481","2025-03-28","618","148552.09","0.0258","81","18","0.0411","8479.16"
"89","4757","2025-04-07","1701","115386.35","0.0506","82","14","0.1024","15950.34"
"90","3663","2025-03-16","292","169206.03","0.0087","81","10","0.1214","27897.76"
"91","1013","2025-04-27","32","254205.08","0.0032","69","30","0.0051","40611.28"
"92","10774","2025-11-29","902","30616.86","0.1438","83","21","0.1259","1860.21"
"93","3319","2025-12-25","613","167863.17","0.0635","14","19","0.1047","22666.78"
"94","5335","2025-07-22","901","4724.02","0.2198","82","2","0.0872","37959.26"
"95","13256","2025-06-01","811","266101.28","0.0285","80","30","0.1015","3117.03"
"96","1285","2025-07-03","853","117475.66","0.1449","38","16","0.1571","28257.36"
"97","11463","2025-11-02","503","205504.01","0.1234","90","7","0.0693","8774.12"
"98","1937","2025-04-26","1703","123842.38","0.144","65","18","0.0373","12566.25"
"99","4401","2025-09-14","1354","159167.78","0.0778","51","1","0.1514","2799.18"
"100","12585","2025-02-11","662","128284.96","0.1947","34","15","0.001","35439.83"
"101","5573","2025-05-27","472","135885.5","0.0048","57","30","0.0797","17169.18"
"102","3681","2025-01-28","306","101763.87","0.2213","59","25","0.0066","13840.15"
"103","9772","2025-03-26","1531","215416.08","0.0907","44","21","0.0065","20111.07"
"104","3311","2025-12-05","590","239823.66","0.186","48","5","0.0327","21909.41"
"105","7422","2025-12-04","1366","4757.23","0.207","74","15","0.1562","47314.88"
"106","2696","2025-12-31","1114","109281.52","0.1478","89","28","0.0889","13442.91"
"107","9243","2025-06-22","1552","269866.33","0.0329","88","0","0.1563","26935.45"
"108","2944","2025-10-16","113","49748.9","0.2499","4","20","0.0767","27161.35"
"109","14741","2025-01-18","745","52405.43","0.1811","66","18","0.0411","40445.44"
"110","2827","2025-11-23","136","262416.17","0.101","46","25","0.0366","44732.51"
"111","849","2025-07-01","661","39672.03","0.0832","33","10","0.1258","19010.99"
"112","2002","2025-06-04","1490","227398.32","0.1155","0","30","0.1509","5984.14"
"113","9502","2025-07-27","1321","41880.12","0.1693","90","19","0.0522","40589.24"
"114","5541","2025-08-20","845","271895.56","0.0284","77","6","0.0447","14494.75"
"115","2953","2025-11-20","1458","84483.88","0.1249","43","3","0.1072","21917.48"
"116","6763","2025-12-12","320","177098.72","0.0742","52","8","0.0494","1029.45"
"117","5234","2025-11-10","1039","231233.25","0.1589","80","6","0.0887","4328.38"
"118","3206","2025-04-27","1652","18570.33","0.1282","34","29","0.0708","19700.43"
"119","12019","2025-08-23","1407","168884.74","0.2292","8","1","0.0856","41714.66"
"120","1357","2025-03-20","20","134843.37","0.1028","30","25","0.1378","32211.8"
"121","11150","2025-10-26","456","191293.28","0.0784","35","11","0.0405","23121.64"
"122","2629","2025-08-22","224","163952.04","0.2071","69","17","0.1069","29471.51"
"123","5202","2025-12-16","1168","240144.09","0.2172","59","25","0.0143","39020.14"
"124","9976","2025-11-04","297","102368.57","0.0325","68","20","0.1348","18959.79"
"125","11149","2025-12-17","151","148633.3","0.0251","41","26","0.1408","4324.33"
"126","9909","2025-12-23","1558","267834.75","0.0732","19","24","0.0372","16089.38"
"127","14347","2025-06-02","386","50964.29","0.0634","85","2","0.1127","16996.78"
"128","4132","2025-05-14","1558","185672.41","0.0781","76","27","0.111","9729.94"
"129","14831","2025-09-13","849","255424.96","0.1956","57","5","0.0599","12978.21"
"130","8159","2025-09-04","91","24617.69","0.0568","43","2","0.0689","11410.96"
"131","4259","2025-03-03","1647","101474.18","0.1541","80","2","0.0811","37621.47"
"132","7127","2025-08-26","1625","192091.25","0.0808","72","21","0.1123","50764.68"
"133","7215","2025-06-15","149","49131.08","0.1211","19","22","0.1531","31713.18"
"134","11030","2025-03-28","537","201673.32","0.0441","32","30","0.0341","9180.63"
"135","10426","2025-07-19","969","153430.58","0.1095","25","10","0.0668","21790.49"
"136","3375","2025-09-21","526","44184.62","0.0409","77","10","0.0651","48663.07"
"137","13677","2025-03-29","117","197707.92","0.0935","23","26","0.0896","10691.22"
"138","1023","2025-05-11","1630","138199.79","0.0474","81","6","0.1237","49945.5"
"139","12413","2025-06-22","368","265847.33","0.1871","40","22","0.098","9797.61"
"140","13924","2025-07-02","1544","21177.68","0.0276","79","17","0.0383","27403.18"
"141","7142","2025-05-10","901","269264.76","0.0539","66","13","0.0407","35119.02"
"142","8548","2025-07-09","1493","173379.59","0.1952","84","28","0.0478","16512.15"
"143","14821","2025-04-04","1187","141932.76","0.185","82","12","0.0554","18835.85"
"144","4390","2025-06-11","586","202528.36","0.0166","1","27","0.0766","21652.94"
"145","8738","2025-03-06","796","50847.53","0.1472","19","25","0.0337","609.94"
"146","786","2025-07-16","745","256629.88","0.0189","90","29","0.0813","8458.52"
"147","1286","2025-05-27","1629","230592.45","0.1607","69","16","0.1248","30462.6"
"148","14009","2025-08-25","1250","28158.69","0.0539","4","14","0.0251","23843.62"
"149","499","2025-08-19","1761","242121.33","0.0745","40","26","0.122","20517.69"
"150","6888","2025-08-22","691","230353.48","0.1626","20","28","0.1513","40789.0"
"151","3894","2025-09-29","908","234742.7","0.073","44","10","0.1563","26587.98"
"152","13418","2025-05-17","267","165138.84","0.0107","52","20","0.098","34727.27"
"153","631","2025-12-16","703","51577.52","0.2054","16","16","0.0283","21015.7"
"154","14514","2025-05-21","236","220914.99","0.1236","34","2","0.1456","28493.85"
"155","5899","2025-06-09","1670","211045.05","0.2176","50","25","0.0988","40323.2"
"156","2617","2025-10-29","1312","68016.54","0.0234","44","25","0.0821","15197.65"
"157","13600","2025-10-19","279","66657.24","0.0838","67","7","0.0894","6731.79"
"158","5451","2025-11-12","483","40690.09","0.0905","54","29","0.1488","33731.39"
"159","9493","2025-07-10","251","7941.39","0.1876","89","14","0.1039","2144.25"
"160","2454","2025-03-11","953","137871.49","0.0097","60","24","0.0072","23464.75"
"161","4069","2025-11-09","975","170752.76","0.0057","3","2","0.1536","47297.93"
"162","9832","2025-06-10","1319","208446.9","0.0282","36","25","0.0799","24432.84"
"163","14587","2025-11-27","1724","7613.39","0.2092","84","17","0.1269","10915.79"
"164","4737","2025-08-03","406","237351.2","0.1157","64","28","0.04","5678.36"
"165","11885","2025-10-27","955","114684.0","0.0446","54","19","0.0925","31558.87"
"166","1088","2025-09-12","513","203948.07","0.1021","36","21","0.0464","24129.76"
"167","1148","2025-01-02","279","235912.39","0.2489","73","16","0.025","339.72"
"168","1487","2025-08-01","820","151175.95","0.0243","21","30","0.0186","34277.77"
"169","6189","2025-12-24","1485","225572.13","0.0242","0","13","0.0912","39508.15"
"170","3945","2025-11-01","1392","168518.06","0.0144","68","20","0.1019","9352.48"
"171","14881","2025-07-21","1039","30243.57","0.1629","75","23","0.0536","49774.25"
"172","55","2025-02-03","1436","163292.16","0.1669","14","22","0.1204","15547.05"
"173","2851","2025-07-25","275","44014.3","0.1471","32","2","0.1421","13174.85"
"174","545","2025-02-20","597","13463.39","0.2113","34","5","0.1133","27641.47"
"175","5037","2025-09-20","74","168192.55","0.2236","43","16","0.0945","34981.28"
"176","12544","2025-02-06","1327","261153.85","0.2446","65","12","0.0741","15706.31"
"177","14115","2025-04-27","1423","222549.4","0.2308","79","10","0.1424","32088.35"
"178","5117","2025-02-20","1800","23075.75","0.0207","58","0","0.0031","694.77"
"179","12250","2025-11-24","1181","244651.25","0.0949","26","5","0.0253","23187.14"
"180","8981","2025-04-26","628","152868.3","0.0894","70","15","0.016","23878.69"
"181","10678","2025-03-15","948","166744.53","0.0264","30","2","0.0822","35445.03"
"182","7048","2025-03-23","1463","277025.95","0.0432","85","0","0.0714","34756.14"
"183","1409","2025-02-27","1655","40575.4","0.0891","67","8","0.1287","9103.86"
"184","9775","2025-09-15","1215","61838.45","0.0607","41","27","0.1262","38543.95"
"185","13253","2025-12-25","915","134455.53","0.1851","67","26","0.0209","40372.61"
"186","6839","2025-07-26","209","66656.43","0.1959","23","9","0.0687","37477.17"
"187","1510","2025-02-02","465","177409.1","0.2277","3","18","0.0689","496.04"
"188","2415","2025-07-16","1122","183806.31","0.1281","12","19","0.0483","35427.24"
"189","13771","2025-07-10","1191","153751.61","0.1047","39","7","0.0655","21403.92"
"190","12162","2025-02-18","349","22448.55","0.0856","15","6","0.029","5174.3"
"191","5144","2025-03-23","1595","129442.49","0.0028","8","2","0.0318","49151.85"
"192","7514","2025-10-04","859","54718.19","0.0573","73","9","0.1219","6973.24"
"193","10375","2025-08-16","744","74934.74","0.2173","19","16","0.0853","37632.16"
"194","9459","2025-05-12","1449","200049.56","0.0784","61","11","0.1448","30912.47"
"195","8817","2025-06-03","648","265163.11","0.1486","75","16","0.0103","50577.49"
"196","2180","2025-03-28","1355","172844.25","0.1395","52","13","0.1405","36252.67"
"197","3043","2025-05-10","642","18017.85","0.1838","82","22","0.1532","6789.27"
"198","3744","2025-07-24","1452","150238.08","0.1807","34","5","0.0952","22801.85"
"199","11997","2025-02-02","1752","153593.38","0.0327","50","16","0.0972","2713.77"
"200","3249","2025-10-12","36","19010.98","0.0371","77","6","0.1379","40311.15"
"201","9343","2025-07-13","336","56111.0","0.1232","72","26","0.1312","48141.86"
"202","11988","2025-03-26","404","107549.41","0.1527","58","12","0.085","14634.76"
"203","6085","2025-01-10","714","272154.06","0.1634","70","21","0.0449","40579.84"
"204","10793","2025-03-15","1411","103948.36","0.1881","83","9","0.1506","35480.24"
"205","10948","2025-02-18","1022","199002.31","0.1964","49","26","0.0108","51985.16"
"206","2410","2025-09-09","677","198159.22","0.0894","20","12","0.0656","5894.64"
"207","11296","2025-10-21","147","201501.63","0.0424","41","26","0.0077","26980.58"
"208","14216","2025-03-06","843","192194.23","0.0008","50","19","0.0709","18487.63"
"209","7079","2025-08-16","1444","54043.89","0.1493","66","1","0.143","19705.76"
"210","3137","2025-07-05","1328","57244.54","0.1922","2","29","0.0248","31219.45"
"211","2734","2025-07-11","1029","125071.35","0.1758","4","14","0.1564","31888.57"
"212","960","2025-08-28","107","102312.78","0.2171","32","14","0.0751","21974.07"
"213","10503","2025-07-06","163","148849.96","0.2405","71","23","0.1264","28709.96"
"214","8592","2025-07-29","1719","106847.03","0.1923","37","19","0.0328","18313.59"
"215","4783","2025-06-28","1334","162302.47","0.1296","34","7","0.0312","39793.72"
"216","12678","2025-05-16","478","69039.29","0.103","86","6","0.1582","13213.75"
"217","5832","2025-01-27","883","209467.34","0.0704","1","13","0.0559","18377.7"
"218","1224","2025-02-28","915","175255.24","0.0012","2","13","0.1564","5021.24"
"219","7802","2025-06-16","1558","87684.86","0.229","65","28","0.1526","26354.08"
"220","582","2025-05-22","1586","117328.21","0.0849","39","26","0.0498","30011.97"
"221","534","2025-02-13","1798","186735.53","0.1402","28","11","0.0225","19450.32"
"222","11045","2025-07-05","1111","186875.13","0.1889","46","22","0.0778","28301.9"
"223","6086","2025-04-04","623","126846.43","0.0987","51","14","0.1431","13929.41"
"224","1117","2025-04-05","869","263706.5","0.0469","74","0","0.091","9896.05"
"225","146","2025-12-11","450","146521.96","0.1509","33","22","0.14","21583.01"
"226","3309","2025-01-09","1443","163161.74","0.0088","88","12","0.1071","24754.89"
"227","1632","2025-09-25","947","205640.7","0.1704","74","1","0.0481","49596.74"
"228","5680","2025-02-08","582","150560.49","0.1958","25","13","0.0977","31573.46"
"229","10403","2025-03-20","1652","76116.78","0.0485","30","28","0.038","33777.06"
"230","6192","2025-05-05","411","152444.26","0.0224","36","2","0.0078","44261.03"
"231","11970","2025-11-02","258","106403.63","0.2013","15","5","0.0264","40154.45"
"232","3411","2025-06-07","1001","74411.95","0.2453","8","30","0.0846","14046.17"
"233","5681","2025-10-29","42","197694.26","0.1721","89","23","0.1574","43819.33"
"234","11557","2025-08-20","1051","127531.43","0.1785","73","24","0.0688","19888.97"
"235","12114","2025-04-24","491","42160.21","0.1999","13","27","0.0376","9446.89"
"236","6002","2025-03-30","272","277942.55","0.1258","2","11","0.0771","23121.5"
"237","11687","2025-04-26","1324","52147.89","0.0769","36","24","0.04","45016.61"
"238","1334","2025-03-10","545","177335.77","0.1904","36","7","0.0645","13237.54"
"239","10953","2025-02-05","315","181034.04","0.1111","44","12","0.0489","51988.92"
"240","13125","2025-05-08","967","210653.31","0.0428","12","3","0.1154","644.95"
"241","2658","2025-09-09","1269","93746.01","0.1533","34","15","0.0748","5836.91"
"242","5743","2025-05-11","231","264443.71","0.0198","25","28","0.1265","13017.37"
"243","14214","2025-12-13","1691","264489.72","0.0178","25","11","0.046","37787.46"
"244","4506","2025-12-03","370","148727.65","0.167","88","17","0.0267","22407.35"
"245","6517","2025-09-28","549","121128.47","0.0453","50","16","0.0704","24276.39"
"246","5010","2025-04-27","1643","139427.25","0.2174","2","13","0.0446","11185.54"
"247","225","2025-06-25","518","102944.82","0.0481","62","11","0.0634","23808.6"
"248","3171","2025-09-24","511","197438.04","0.2361","70","28","0.0172","21056.26"
"249","2","2025-05-07","710","153876.63","0.2327","60","20","0.1554","29638.17"
"250","6253","2025-12-04","280","227482.72","0.0972","29","4","0.0818","38229.03"
"251","9440","2025-04-12","770","100636.15","0.2032","2","5","0.1218","1680.64"
"252","14619","2025-12-27","795","59346.64","0.1469","71","21","0.0034","51104.41"
"253","3005","2025-08-08","430","164758.6","0.2361","50","24","0.059","7216.73"
"254","5357","2025-10-27","1046","126124.36","0.0282","28","1","0.0786","30783.74"
"255","9828","2025-02-26","592","48719.12","0.2154","14","15","0.0564","51266.79"
"256","11006","2025-01-15","327","175093.81","0.1467","57","9","0.0775","9154.62"
"257","11202","2025-09-12","175","19926.32","0.1283","82","4","0.1554","35148.79"
"258","13466","2025-06-01","985","16191.89","0.0685","83","4","0.0958","3065.68"
"259","8807","2025-08-03","1336","17916.67","0.2087","46","23","0.1431","44791.46"
"260","6882","2025-09-04","912","224410.73","0.0545","56","30","0.01","30128.88"
"261","8674","2025-05-23","1069","260260.62","0.0582","63","29","0.0282","20706.04"
"262","12221","2025-10-16","484","273848.2","0.0061","42","14","0.1397","42707.69"
"263","9444","2025-04-18","751","193626.93","0.1532","84","13","0.0485","36668.5"
"264","2293","2025-08-16","609","6661.93","0.0117","0","6","0.0002","33257.36"
"265","2270","2025-01-07","1187","130213.84","0.0303","43","7","0.1564","1680.52"
"266","5057","2025-02-02","87","56235.45","0.0005","9","26","0.0476","19426.27"
"267","6698","2025-11-25","579","225831.27","0.1617","79","14","0.0031","24030.78"
"268","7862","2025-05-16","1314","242601.04","0.0488","78","22","0.0245","18626.41"
"269","10094","2025-12-20","1745","167593.68","0.0452","36","19","0.0475","20948.68"
"270","9940","2025-02-02","1377","1785.29","0.026","42","0","0.0431","33131.74"
"271","11487","2025-12-08","811","214498.78","0.1598","10","9","0.0575","32101.71"
"272","3305","2025-12-02","1720","1698.15","0.0063","58","28","0.0122","48888.67"
"273","10361","2025-09-03","1263","62581.08","0.2126","80","17","0.1374","37628.77"
"274","5267","2025-10-31","500","146172.81","0.2252","35","17","0.0445","23531.19"
"275","13536","2025-05-18","1788","234989.82","0.1889","33","6","0.0331","43137.24"
"276","10747","2025-08-04","905","184456.85","0.2016","55","25","0.0603","2426.52"
"277","13266","2025-05-12","1390","180353.19","0.0583","19","4","0.0814","44277.12"
"278","13918","2025-04-08","363","206010.82","0.0085","27","0","0.1106","5566.24"
"279","14211","2025-02-24","1252","250423.12","0.1111","18","7","0.1181","38649.04"
"280","2160","2025-05-15","38","137599.18","0.0408","0","30","0.0367","40317.74"
"281","464","2025-09-28","1533","167123.45","0.163","56","7","0.1338","51035.54"
"282","11617","2025-10-19","506","94849.06","0.2209","48","4","0.0244","30808.71"
"283","7411","2025-11-01","931","224272.21","0.1513","41","15","0.0061","24980.77"
"284","5462","2025-06-25","70","5749.39","0.1685","60","25","0.0665","9474.53"
"285","7428","2025-06-27","530","168836.4","0.0475","60","3","0.0611","12915.27"
"286","10057","2025-02-21","1763","43487.78","0.2163","87","14","0.124","19725.87"
"287","6944","2025-12-29","1067","119398.6","0.0076","64","1","0.0171","11532.8"
"288","4134","2025-03-17","1410","272958.56","0.086","61","13","0.091","18647.79"
"289","2049","2025-06-08","699","121631.3","0.0124","5","1","0.1034","13980.62"
"290","508","2025-02-12","1576","191817.82","0.1217","68","5","0.1525","50614.92"
"291","7906","2025-02-07","821","178088.4","0.1382","26","10","0.1331","40055.64"
"292","11854","2025-08-01","1584","273541.79","0.2311","53","16","0.1387","40946.7"
"293","3001","2025-02-16","1161","227612.77","0.1987","32","16","0.0361","14992.57"
"294","1892","2025-03-25","84","81652.76","0.0517","42","13","0.1316","34480.31"
"295","3902","2025-12-07","793","132729.35","0.1834","90","16","0.1377","45055.98"
"296","6445","2025-10-10","1483","193889.96","0.1254","38","0","0.1399","34299.16"
"297","8912","2025-04-26","1780","75547.74","0.2385","74","13","0.0065","44712.65"
"298","11469","2025-06-07","268","127809.85","0.2033","30","0","0.1382","4141.63"
"299","8894","2025-10-25","222","205413.52","0.0707","68","14","0.0822","47853.56"
"300","12848","2025-10-13","1119","277934.31","0.2079","63","18","0.1051","45045.05"
"301","9957","2025-02-03","461","52128.29","0.0386","4","13","0.0697","37078.17"
"302","2051","2025-03-12","844","94365.28","0.1933","25","12","0.1236","3718.75"
"303","14063","2025-12-17","102","102468.92","0.006","49","10","0.1081","30646.49"
"304","6999","2025-04-07","1289","276799.07","0.1025","30","11","0.1122","38078.56"
"305","7309","2025-11-28","92","170447.97","0.0263","49","18","0.0842","20049.73"
"306","4622","2025-12-23","927","192879.89","0.1709","70","10","0.1059","17107.56"
"307","9398","2025-04-01","269","113304.25","0.2477","46","28","0.0651","18902.96"
"308","14251","2025-11-09","756","167734.59","0.1212","57","5","0.0113","13003.99"
"309","1940","2025-06-08","1017","165892.1","0.0284","19","20","0.026","5462.55"
"310","4876","2025-04-03","1602","185109.88","0.1675","62","4","0.1264","10110.51"
"311","500","2025-03-06","1420","33029.98","0.1711","11","18","0.0349","37444.96"
"312","5622","2025-03-30","251","214668.29","0.1754","53","6","0.0829","39474.35"
"313","6561","2025-08-15","843","80024.72","0.1224","0","20","0.0064","6137.66"
"314","10738","2025-07-08","720","88471.88","0.0701","30","30","0.0275","9041.91"
"315","4111","2025-03-08","1216","153574.84","0.0492","49","12","0.0513","36503.98"
"316","5033","2025-05-24","1095","175615.94","0.1738","73","18","0.079","19993.02"
"317","12446","2025-12-14","1129","255830.9","0.1331","84","28","0.1238","14876.19"
"318","14456","2025-01-19","1084","25482.36","0.07","30","2","0.0198","13317.95"
"319","10936","2025-11-18","518","151945.03","0.2266","16","25","0.0508","39330.89"
"320","3840","2025-08-24","906","75986.63","0.1088","30","4","0.0481","14500.88"
"321","10011","2025-08-29","1286","200489.23","0.076","32","29","0.0844","13769.86"
"322","13915","2025-06-18","1046","143363.9","0.1007","70","13","0.0189","47433.92"
"323","6423","2025-08-25","273","279165.51","0.0633","15","29","0.0332","39762.89"
"324","9714","2025-01-30","765","216311.91","0.1374","90","20","0.0588","11253.48"
"325","3679","2025-10-27","1641","248266.93","0.0399","16","5","0.1038","43306.66"
"326","4328","2025-06-28","517","207354.63","0.1234","72","27","0.041","37719.02"
"327","8259","2025-06-22","1612","187412.39","0.0177","13","26","0.1326","46931.39"
"328","10942","2025-10-14","1057","200401.62","0.1595","18","22","0.0296","7770.93"
"329","1560","2025-04-17","1128","75955.81","0.2079","5","27","0.0031","48102.58"
"330","11170","2025-10-20","665","251388.83","0.2288","79","10","0.1136","37386.63"
"331","3788","2025-06-20","1393","33695.71","0.046","62","6","0.1034","26423.94"
"332","10164","2025-11-17","1557","211283.03","0.0125","69","1","0.0554","51816.85"
"333","1021","2025-03-04","577","203065.35","0.1457","54","1","0.1331","27095.2"
"334","2923","2025-02-22","467","195359.75","0.0434","30","13","0.0785","43476.57"
"335","11102","2025-02-18","737","221190.09","0.2431","55","8","0.0009","16967.28"
"336","3319","2025-01-17","1562","167040.53","0.1291","88","5","0.0483","330.44"
"337","6398","2025-06-12","1729","191990.42","0.2346","33","27","0.1424","2346.09"
"338","12286","2025-09-11","931","179497.2","0.1587","78","3","0.051","17273.55"
"339","8662","2025-03-10","1364","120362.25","0.2259","28","6","0.0883","13821.47"
"340","9393","2025-02-11","140","16998.96","0.0709","31","23","0.022","46837.12"
"341","2857","2025-02-19","855","234979.67","0.0121","12","11","0.1589","32719.06"
"342","3094","2025-10-25","1524","33125.6","0.1075","90","25","0.1315","31708.4"
"343","2976","2025-06-04","1691","179107.44","0.0632","5","11","0.0652","33800.21"
"344","14879","2025-09-13","886","232344.32","0.0547","0","10","0.0064","51682.74"
"345","5947","2025-10-31","583","125642.46","0.2039","66","21","0.1335","6479.37"
"346","1185","2025-05-01","1744","149947.86","0.1014","88","27","0.0323","5281.81"
"347","6040","2025-02-21","1214","176037.05","0.1445","5","26","0.0643","50972.43"
"348","11669","2025-11-22","87","195245.54","0.1593","48","6","0.0126","32366.02"
"349","7728","2025-12-27","1309","115910.81","0.1249","54","22","0.1527","6762.91"
"350","5688","2025-11-05","444","131518.83","0.1378","67","26","0.014","19830.17"
"351","2130","2025-09-12","1406","57049.85","0.0843","88","24","0.0071","1767.35"
"352","10977","2025-03-29","357","104945.21","0.2163","47","13","0.1516","31523.02"
"353","1086","2025-10-18","287","59285.58","0.2276","3","19","0.0683","50439.06"
"354","8334","2025-12-06","434","106422.3","0.103","10","21","0.1084","25147.99"
"355","1630","2025-03-12","1214","45900.95","0.0961","15","25","0.068","20437.19"
"356","3538","2025-03-31","1291","109470.8","0.1948","86","29","0.1196","36438.94"
"357","10028","2025-08-11","981","195015.93","0.0461","16","13","0.0642","11227.61"
"358","5115","2025-03-26","693","223063.73","0.2031","42","11","0.0663","41016.46"
"359","11773","2025-03-15","1752","48366.78","0.1249","7","6","0.1463","29286.37"
"360","11949","2025-08-16","1262","214263.92","0.2077","9","6","0.034","40342.76"
"361","5540","2025-01-30","1120","93474.95","0.0556","7","16","0.1334","29547.6"
"362","7284","2025-05-15","906","159275.87","0.2279","30","9","0.075","48471.11"
"363","3234","2025-11-06","939","39919.18","0.0441","71","24","0.0982","40812.89"
"364","8593","2025-06-19","1595","228647.92","0.215","14","16","0.0589","45409.33"
"365","10245","2025-01-29","638","18225.69","0.1351","53","0","0.0204","3292.75"
"366","8678","2025-11-21","316","37494.64","0.0132","54","4","0.0555","265.76"
"367","6532","2025-10-28","451","274040.22","0.0328","47","2","0.0626","16381.63"
"368","14416","2025-12-16","378","44811.6","0.2427","30","24","0.1306","35549.49"
"369","5012","2025-05-07","841","235916.21","0.0667","6","4","0.0201","24419.98"
"370","13476","2025-05-06","276","171536.61","0.2419","21","29","0.0538","49972.11"
"371","11870","2025-07-22","228","203392.81","0.0542","30","21","0.0842","20593.54"
"372","8678","2025-07-03","1103","56075.88","0.0143","57","27","0.0975","5780.04"
"373","11186","2025-10-26","1046","263695.82","0.1192","3","30","0.0577","28108.15"
"374","12516","2025-02-12","1418","56628.57","0.0443","53","21","0.1474","31966.87"
"375","13156","2025-03-18","645","94302.45","0.2343","49","21","0.0771","16188.82"
"376","1708","2025-04-19","1613","227383.7","0.2355","35","23","0.0767","36169.14"
"377","12921","2025-12-24","94","244872.39","0.2274","63","16","0.0101","33992.79"
"378","13355","2025-01-14","84","11506.96","0.2038","88","25","0.0292","35356.83"
"379","13995","2025-10-28","802","248573.0","0.1688","72","9","0.0933","29126.04"
"380","10068","2025-03-22","1278","29082.96","0.0859","82","5","0.0109","4735.96"
"381","8968","2025-08-25","1419","160593.79","0.0289","47","3","0.0197","31181.84"
"382","8777","2025-04-15","1302","220205.37","0.1476","64","29","0.015","6397.48"
"383","13041","2025-08-04","1168","152922.51","0.2283","25","30","0.0337","11085.28"
"384","12628","2025-03-28","518","174428.72","0.0094","67","30","0.0515","27200.06"
"385","8354","2025-01-30","899","20219.35","0.095","2","14","0.0633","22589.2"
"386","5320","2025-09-11","684","43257.13","0.1332","82","23","0.1175","42207.0"
"387","9921","2025-01-04","1512","31842.69","0.1821","81","3","0.1408","12292.75"
"388","9653","2025-12-01","1761","255268.22","0.2161","59","18","0.0678","47566.11"
"389","172","2025-01-19","50","115444.78","0.1069","75","0","0.1168","23564.11"
"390","11569","2025-04-06","793","262693.76","0.2068","29","2","0.0314","13245.65"
"391","10412","2025-04-06","215","147847.13","0.1823","59","4","0.1428","46743.08"
"392","9097","2025-03-21","838","235499.38","0.2464","26","25","0.026","7541.04"
"393","7749","2025-11-07","470","86815.18","0.2464","70","25","0.0062","36492.65"
"394","9694","2025-07-06","1732","239011.38","0.0164","13","25","0.1585","1010.58"
"395","10479","2025-05-24","81","205683.81","0.1291","5","24","0.1322","27963.27"
"396","3104","2025-12-09","1516","75526.34","0.0553","36","18","0.0419","10484.78"
"397","12388","2025-07-25","1656","225435.91","0.1519","88","14","0.0068","42883.93"
"398","62","2025-08-20","410","80367.29","0.2458","49","19","0.0157","26422.33"
"399","12999","2025-07-19","359","123071.22","0.1012","72","9","0.0947","8557.0"
"400","2556","2025-12-25","899","211659.13","0.0313","11","4","0.0972","19611.8"
"401","4489","2025-01-27","126","133603.38","0.2399","22","22","0.024","14857.43"
"402","6487","2025-07-05","147","168722.18","0.037","24","6","0.017","46789.7"
"403","8959","2025-04-15","371","79329.57","0.107","54","0","0.0873","7954.79"
"404","8551","2025-09-29","1136","222810.3","0.0184","53","9","0.0946","33070.01"
"405","739","2025-05-19","1197","237534.58","0.1882","89","29","0.158","41812.52"
"406","9653","2025-10-26","645","65336.85","0.1041","39","17","0.1504","3863.86"
"407","2402","2025-11-26","1332","279429.56","0.1498","71","7","0.1452","24825.67"
"408","2922","2025-10-29","1028","204916.54","0.1138","21","10","0.0075","8695.05"
"409","3661","2025-05-23","1743","188792.38","0.2122","9","22","0.1345","51667.93"
"410","9149","2025-03-04","216","275537.34","0.228","73","16","0.0729","20556.4"
"411","4669","2025-06-23","642","23993.92","0.2274","11","1","0.0405","48205.39"
"412","3737","2025-06-07","1479","272639.09","0.0656","82","11","0.0679","27178.99"
"413","11859","2025-01-01","935","124420.8","0.0135","67","29","0.0202","16521.62"
"414","1722","2025-08-01","1447","254651.39","0.1874","24","22","0.1168","32316.66"
"415","11292","2025-09-15","816","95306.65","0.107","36","12","0.0753","36833.1"
"416","5821","2025-02-12","666","181884.82","0.0918","59","10","0.0972","25916.13"
"417","13381","2025-01-17","901","187744.11","0.143","61","7","0.0736","30245.94"
"418","8140","2025-05-12","1731","53445.77","0.204","49","29","0.0665","14927.08"
"419","963","2025-04-07","844","76583.68","0.1729","50","9","0.0684","51472.02"
"420","11072","2025-07-21","634","167000.13","0.0856","81","21","0.0165","17512.62"
"421","6887","2025-08-19","1601","47445.5","0.1424","16","9","0.1406","33030.34"
"422","10657","2025-07-12","906","232352.38","0.1335","83","25","0.0306","35959.85"
"423","8716","2025-02-13","315","244386.26","0.1424","81","5","0.1347","49257.02"
"424","52","2025-02-12","1330","116007.87","0.1323","71","0","0.0527","1161.55"
"425","4741","2025-02-18","419","137361.85","0.1741","16","24","0.0717","22197.02"
"426","14893","2025-12-02","655","40150.22","0.1884","73","6","0.0903","30186.61"
"427","797","2025-03-28","1588","85772.53","0.0403","86","22","0.1134","23552.02"
"428","1155","2025-07-09","565","23934.5","0.1437","45","15","0.1206","294.76"
"429","4958","2025-04-02","497","137313.46","0.2486","62","2","0.077","31757.77"
"430","4492","2025-04-17","1160","44936.36","0.2254","90","29","0.1336","148.57"
"431","881","2025-05-14","432","229851.77","0.0369","12","24","0.0689","41673.33"
"432","6511","2025-08-02","150","47901.1","0.2344","31","20","0.0785","43567.36"
"433","8726","2025-08-05","301","205199.97","0.0724","64","25","0.0401","25031.15"
"434","3476","2025-08-11","201","175341.73","0.1297","89","13","0.0762","20359.43"
"435","4896","2025-10-31","364","50713.01","0.0126","1","14","0.138","13933.78"
"436","33","2025-09-01","282","277330.1","0.0201","12","22","0.0535","21094.9"
"437","1603","2025-05-08","1630","55319.63","0.1646","9","7","0.0103","18837.94"
"438","2884","2025-08-13","154","126420.95","0.1488","31","21","0.0694","2806.29"
"439","13933","2025-09-09","1441","226186.91","0.1025","5","0","0.0242","43584.21"
"440","6126","2025-12-14","1438","232528.61","0.1313","17","14","0.0915","30853.3"
"441","12260","2025-04-19","1574","266948.23","0.2157","17","8","0.0916","5608.81"
"442","12204","2025-12-02","290","219579.56","0.0031","77","5","0.0924","17963.7"
"443","13323","2025-09-25","353","163247.11","0.0595","8","15","0.038","49206.78"
"444","2488","2025-02-08","1643","5106.03","0.0208","28","7","0.0315","49376.32"
"445","5331","2025-12-16","232","91473.25","0.1468","54","21","0.0364","39101.11"
"446","14378","2025-04-14","359","108743.97","0.1","82","22","0.1449","18394.87"
"447","764","2025-09-29","463","185083.54","0.1868","47","20","0.1188","32658.57"
"448","9636","2025-08-12","630","81699.64","0.1837","35","1","0.067","32736.07"
"449","8808","2025-10-27","801","214784.59","0.1413","55","7","0.0652","27862.35"
"450","10219","2025-07-05","946","107533.4","0.1718","49","25","0.0091","49053.26"
"451","10059","2025-09-09","1236","74298.3","0.0002","81","7","0.043","41748.66"
"452","6167","2025-05-18","787","229048.87","0.1203","18","18","0.1036","1507.03"
"453","8076","2025-01-06","1202","213019.4","0.1215","35","17","0.0539","16037.93"
"454","4420","2025-03-12","1101","161787.47","0.1636","41","30","0.1088","34983.7"
"455","12664","2025-12-28","933","73573.32","0.1689","42","4","0.075","42848.37"
"456","3775","2025-02-17","708","74539.51","0.2004","47","2","0.0989","29374.41"
"457","10836","2025-08-12","894","177975.56","0.1467","61","11","0.1127","21890.81"
"458","10457","2025-10-08","1222","129796.44","0.2403","77","4","0.1356","48179.06"
"459","928","2025-01-14","1518","69570.42","0.1441","10","0","0.082","12013.5"
"460","7001","2025-09-01","1047","128889.28","0.2074","77","11","0.1485","28594.09"
"461","4751","2025-03-25","1143","64031.29","0.1332","85","25","0.1594","8028.4"
"462","7184","2025-04-17","426","38859.13","0.1243","35","0","0.1079","21470.18"
"463","13395","2025-07-03","427","42669.67","0.18","85","17","0.1273","6367.79"
"464","13273","2025-03-11","937","22369.07","0.0157","41","18","0.1101","30884.5"
"465","9393","2025-08-10","1327","272065.38","0.2376","71","3","0.1018","8956.19"
"466","3074","2025-10-08","238","261916.76","0.1215","77","19","0.0255","37684.67"
"467","13660","2025-06-13","753","51169.91","0.0976","61","8","0.1061","11439.19"
"468","13521","2025-06-17","358","105784.04","0.1093","65","7","0.1368","8474.24"
"469","4476","2025-09-20","510","240830.44","0.0034","19","19","0.0172","40327.55"
"470","3695","2025-08-09","20","25936.6","0.1445","89","13","0.0557","16080.16"
"471","297","2025-12-22","1305","265019.11","0.1166","8","19","0.0097","25546.72"
"472","13172","2025-09-17","1246","246825.11","0.2235","7","23","0.0049","4778.02"
"473","3845","2025-12-15","986","243798.58","0.1639","49","25","0.1566","38455.46"
"474","8894","2025-07-28","1130","260162.09","0.1231","90","24","0.0143","11093.28"
"475","7583","2025-09-21","1529","58161.23","0.2145","11","18","0.1071","44176.83"
"476","14046","2025-02-24","859","111468.29","0.0098","11","10","0.0405","38758.4"
"477","12192","2025-01-19","431","85667.03","0.1433","9","24","0.0172","4922.61"
"478","10249","2025-12-02","1304","238567.7","0.0367","54","28","0.0293","8804.78"
"479","9026","2025-05-30","20","72840.82","0.2268","10","13","0.0771","22688.77"
"480","3497","2025-08-30","650","155040.72","0.0667","36","25","0.0626","28539.14"
"481","12907","2025-03-29","597","226025.62","0.1782","49","15","0.0565","12666.19"
"482","355","2025-08-18","552","162663.04","0.0009","35","10","0.0612","21226.56"
"483","2431","2025-03-27","222","74738.02","0.0787","73","8","0.0366","8497.39"
"484","9337","2025-08-17","1650","70139.72","0.2144","19","10","0.084","46648.9"
"485","11624","2025-06-26","1648","183439.1","0.1218","56","19","0.0937","20908.17"
"486","5837","2025-06-17","763","156150.57","0.0745","7","30","0.1375","20256.84"
"487","7563","2025-03-23","223","83601.4","0.0135","18","19","0.1364","10064.02"
"488","11218","2025-08-09","1274","108450.38","0.0979","32","27","0.0587","7668.31"
"489","13831","2025-07-04","1343","171941.35","0.0464","24","8","0.1386","10366.0"
"490","8563","2025-04-12","1593","134293.75","0.1091","21","22","0.0632","20275.02"
"491","3816","2025-01-09","1191","111589.99","0.1024","5","9","0.0924","19333.99"
"492","3345","2025-11-02","59","102490.1","0.0427","72","21","0.1024","20385.74"
"493","11065","2025-11-20","1150","186918.83","0.129","43","6","0.1453","23657.01"
"494","5985","2025-11-05","331","59831.86","0.2432","76","22","0.1141","50177.91"
"495","6862","2025-01-14","212","126722.62","0.0078","68","16","0.1411","33192.92"
"496","168","2025-04-27","1296","228992.94","0.0433","47","4","0.1476","10271.15"
"497","8430","2025-09-07","940","30362.93","0.0597","19","0","0.0036","11121.59"
"498","8775","2025-04-08","378","46140.95","0.0607","74","25","0.1138","27701.08"
"499","2016","2025-11-18","24","115619.57","0.111","43","27","0.0433","48753.83"
"500","7153","2025-02-11","341","270619.41","0.032","42","21","0.0747","46957.52"
"501","10508","2025-12-08","1642","235823.52","0.0595","82","1","0.1177","35969.58"
"502","1164","2025-01-10","1420","209872.54","0.2476","9","13","0.0782","29225.35"
"503","13421","2025-02-20","605","196287.85","0.0973","51","0","0.151","27147.84"
"504","10725","2025-09-11","1464","275241.1","0.2345","90","12","0.0181","46750.29"
"505","3109","2025-02-25","1768","176925.2","0.1408","47","4","0.1035","32229.76"
"506","3943","2025-06-28","944","87065.51","0.1361","17","26","0.0759","46854.07"
"507","8247","2025-09-15","1400","68653.16","0.0114","6","17","0.0174","12687.99"
"508","4063","2025-01-14","541","143702.96","0.0863","87","0","0.0257","48542.49"
"509","1049","2025-11-04","1103","258299.88","0.2352","85","20","0.1006","11798.19"
"510","1854","2025-03-01","1558","73720.38","0.1368","64","12","0.0301","36049.86"
"511","4835","2025-01-14","1163","116729.88","0.1389","71","24","0.0282","51779.67"
"512","4584","2025-07-09","1585","64249.69","0.1167","70","20","0.0177","42378.51"
"513","7238","2025-02-05","949","19345.32","0.2192","51","28","0.1583","12057.44"
"514","607","2025-06-18","1632","30093.32","0.1236","10","5","0.0957","2482.35"
"515","12272","2025-10-14","750","172813.2","0.0022","21","26","0.0408","24842.22"
"516","4127","2025-01-11","71","236894.68","0.0076","63","7","0.1276","24737.26"
"517","10277","2025-06-22","1579","148525.65","0.0599","88","0","0.1381","3354.22"
"518","10522","2025-08-24","415","20768.6","0.1807","79","14","0.0535","19788.11"
"519","2515","2025-05-19","930","153191.0","0.0884","46","7","0.1466","20160.41"
"520","28","2025-05-05","1367","226316.66","0.0323","1","28","0.0647","21637.87"
"521","5152","2025-04-14","22","238357.18","0.1343","82","22","0.0505","21049.12"
"522","8674","2025-08-24","989","159366.03","0.1514","27","7","0.1169","19159.48"
"523","13885","2025-04-10","561","233031.49","0.0323","54","24","0.1213","43565.08"
"524","5620","2025-12-03","1632","26664.98","0.2299","5","24","0.0737","40397.53"
"525","11729","2025-08-18","219","225043.62","0.0981","44","13","0.0642","29303.31"
"526","8394","2025-11-28","696","66699.74","0.2046","83","9","0.0178","44878.66"
"527","13714","2025-05-17","979","143417.34","0.1174","55","27","0.0188","49564.07"
"528","10370","2025-07-02","1019","171142.34","0.2103","26","3","0.0081","25215.42"
"529","4134","2025-06-19","1353","168861.21","0.2276","45","27","0.0121","43126.03"
"530","12446","2025-11-09","329","218899.04","0.0591","40","1","0.1236","23944.22"
"531","4087","2025-06-11","1310","88895.78","0.0189","84","3","0.0592","48829.18"
"532","10324","2025-02-07","1391","145226.6","0.0704","28","17","0.0482","42982.74"
"533","5530","2025-06-21","17","248984.48","0.0719","5","17","0.1177","1109.53"
"534","8278","2025-02-07","67","51581.58","0.1263","7","7","0.0055","26571.91"
"535","14061","2025-12-16","305","264420.24","0.1286","46","30","0.061","13575.31"
"536","12794","2025-04-12","1783","240581.86","0.1917","7","30","0.104","18225.9"
"537","7196","2025-12-20","1382","103766.89","0.1144","30","3","0.0696","46444.36"
"538","3920","2025-12-09","128","194466.46","0.0649","17","13","0.0635","22051.64"
"539","10582","2025-07-18","839","61942.75","0.089","32","27","0.0531","13627.07"
"540","12608","2025-03-13","585","71688.7","0.1751","62","5","0.1383","22687.23"
"541","10396","2025-10-16","1255","105606.48","0.1643","24","3","0.0325","36732.53"
"542","9358","2025-05-28","339","151877.3","0.0791","24","6","0.0184","42950.1"
"543","13571","2025-04-11","988","150762.46","0.0785","50","11","0.1115","38190.51"
"544","8412","2025-10-21","505","231836.6","0.0009","85","15","0.0854","26918.19"
"545","1164","2025-09-10","775","129919.25","0.208","80","0","0.1234","12620.5"
"546","5336","2025-09-11","721","165126.31","0.2339","10","15","0.0275","5409.72"
"547","10764","2025-03-18","1240","97426.99","0.2347","74","9","0.1384","41560.87"
"548","11818","2025-02-26","300","233988.96","0.0024","45","9","0.0538","18144.79"
"549","4729","2025-12-07","1074","149721.86","0.0159","36","14","0.086","12659.07"
"550","6007","2025-03-23","1648","279083.63","0.2181","9","22","0.072","36569.86"
"551","5347","2025-07-18","1096","20745.81","0.0282","50","17","0.008","10855.81"
"552","1432","2025-09-15","1120","15631.84","0.0516","23","0","0.0507","13720.22"
"553","5038","2025-09-17","282","114173.17","0.0295","24","5","0.0986","29276.36"
"554","5720","2025-06-07","1294","136500.11","0.0261","52","28","0.0111","24017.59"
"555","5418","2025-03-30","142","208486.19","0.2464","33","19","0.0553","4872.7"
"556","8222","2025-02-27","749","236864.97","0.0451","48","28","0.1417","19869.5"
"557","624","2025-07-21","500","27737.35","0.0942","21","23","0.0504","4976.53"
"558","6930","2025-10-02","57","248845.55","0.0315","26","13","0.0887","13541.7"
"559","4057","2025-05-24","1014","30500.2","0.065","9","8","0.1565","36639.05"
"560","5099","2025-12-04","1168","189188.44","0.1304","9","22","0.0618","12926.05"
"561","5724","2025-06-10","1321","156430.84","0.1099","35","15","0.0231","37491.52"
"562","5586","2025-03-06","1021","43745.82","0.0644","26","25","0.1581","37472.7"
"563","14634","2025-01-31","303","272094.3","0.1264","34","20","0.0288","11579.9"
"564","12620","2025-09-10","372","93827.76","0.1357","53","2","0.0141","42672.36"
"565","3889","2025-07-29","565","237684.71","0.0825","66","29","0.1085","50703.67"
"566","6113","2025-12-21","497","62352.83","0.2145","33","9","0.1245","24104.79"
"567","14491","2025-12-29","681","186199.91","0.0084","71","3","0.1524","24975.11"
"568","1039","2025-05-29","808","273673.89","0.1362","15","29","0.0044","45675.65"
"569","7662","2025-08-21","865","251760.27","0.0119","84","25","0.0836","34089.04"
"570","8912","2025-07-07","472","98677.95","0.1981","44","2","0.1242","5041.23"
"571","7751","2025-06-25","298","84227.97","0.1142","31","18","0.1399","48916.74"
"572","11633","2025-10-21","914","162709.35","0.1896","18","12","0.0471","51192.71"
"573","1568","2025-04-20","674","126182.89","0.1534","31","25","0.0048","39898.59"
"574","6422","2025-12-03","1534","160965.02","0.1163","73","11","0.03","38452.78"
"575","13752","2025-07-18","1608","121617.04","0.1878","51","27","0.0598","40928.7"
"576","3612","2025-01-14","634","45775.67","0.1808","50","21","0.0764","9261.25"
"577","849","2025-05-06","1294","204358.72","0.0397","26","29","0.0426","15093.12"
"578","1530","2025-05-16","1441","265070.19","0.0786","2","30","0.0172","42429.75"
"579","10808","2025-08-20","1432","1506.9","0.1454","42","10","0.0485","43333.59"
"580","13111","2025-11-21","11","10536.96","0.0941","88","7","0.0486","44737.96"
"581","8860","2025-11-01","442","216560.8","0.0359","16","1","0.0115","51724.97"
"582","14847","2025-09-01","1196","190429.86","0.105","36","0","0.0039","6934.1"
"583","12587","2025-07-19","816","130397.27","0.0065","10","22","0.09","33786.73"
"584","10574","2025-07-23","523","78884.13","0.1647","48","4","0.1024","43006.44"
"585","1576","2025-12-17","169","32210.55","0.1057","40","19","0.0259","45767.82"
"586","6104","2025-01-02","1307","151510.67","0.0667","9","5","0.0158","41886.9"
"587","14517","2025-04-06","1120","221583.48","0.0378","21","16","0.0353","24889.72"
"588","4211","2025-04-07","508","213557.18","0.042","69","1","0.0327","17279.88"
"589","4970","2025-06-27","1511","69725.44","0.0075","89","1","0.1112","48068.52"
"590","9149","2025-10-12","364","53410.56","0.073","39","23","0.0052","10475.65"
"591","6038","2025-03-08","1574","183867.41","0.1398","10","1","0.0714","35856.62"
"592","1385","2025-01-13","531","170260.17","0.0041","86","25","0.1115","41543.02"
"593","9111","2025-06-24","209","76727.65","0.1568","19","27","0.0816","49250.43"
"594","8290","2025-06-22","374","160887.75","0.2421","82","4","0.0994","34403.56"
"595","13672","2025-12-21","1435","103070.49","0.1382","85","14","0.0071","38890.1"
"596","14601","2025-02-15","1097","119767.85","0.1405","52","1","0.133","33378.33"
"597","6700","2025-06-17","580","193393.79","0.2202","3","20","0.0124","16404.85"
"598","13783","2025-04-27","255","34079.06","0.2002","26","7","0.0143","34406.29"
"599","503","2025-07-22","1550","74428.66","0.1098","30","27","0.0122","6313.41"
"600","4860","2025-03-29","1464","191256.47","0.1416","13","4","0.1529","318.56"
"601","4921","2025-09-19","826","220024.11","0.1057","20","27","0.1127","19857.87"
"602","10597","2025-06-20","964","145125.46","0.1733","35","16","0.0523","19053.64"
"603","65","2025-12-13","1139","41552.07","0.2427","46","12","0.0801","51719.37"
"604","8707","2025-05-06","276","246013.52","0.2426","9","10","0.1043","15922.79"
"605","12072","2025-04-05","1462","21669.1","0.2285","28","15","0.1084","32909.61"
"606","1596","2025-12-03","1507","53806.13","0.1271","79","18","0.0717","4897.61"
"607","12170","2025-04-12","1156","200179.74","0.2125","63","25","0.0581","31365.76"
"608","12620","2025-10-24","1765","95479.23","0.2119","31","12","0.0724","556.99"
"609","9429","2025-08-03","1317","232748.74","0.0404","19","29","0.0778","12941.5"
"610","14769","2025-04-21","121","122380.91","0.0865","18","16","0.0245","36952.15"
"611","8055","2025-10-18","1420","36838.01","0.1819","16","3","0.0211","16127.68"
"612","3271","2025-04-13","489","19192.27","0.0815","59","9","0.0758","43041.7"
"613","6178","2025-05-22","833","81605.94","0.1619","29","12","0.0783","27160.5"
"614","3735","2025-01-16","203","34444.42","0.2347","18","14","0.0333","37292.31"
"615","6410","2025-10-02","596","241030.46","0.2058","60","7","0.0162","47975.92"
"616","11790","2025-11-27","1192","222570.59","0.1221","32","12","0.0288","9401.02"
"617","353","2025-12-12","1435","125059.44","0.0801","46","12","0.1028","47176.55"
"618","12067","2025-08-14","1387","276407.24","0.1082","59","25","0.0992","11171.9"
"619","11807","2025-03-09","1552","86192.81","0.0227","7","23","0.0016","15987.39"
"620","14983","2025-02-10","176","160361.45","0.2259","72","21","0.156","38448.57"
"621","8650","2025-02-12","1449","18340.73","0.0714","43","24","0.0278","19507.88"
"622","13635","2025-01-02","217","7901.22","0.0949","24","14","0.1525","6367.1"
"623","10218","2025-11-14","1489","131929.76","0.0555","62","14","0.1573","30942.98"
"624","9847","2025-05-30","1696","273672.5","0.1175","41","30","0.004","34755.23"
"625","8404","2025-05-04","1557","144634.43","0.1788","56","4","0.1354","37679.27"
"626","5738","2025-10-08","1620","173279.07","0.0082","54","16","0.1279","6456.4"
"627","3926","2025-08-24","306","248322.34","0.185","69","28","0.0667","36904.66"
"628","10742","2025-11-29","1366","148627.23","0.1505","66","26","0.1169","42983.28"
"629","7866","2025-11-27","338","144111.04","0.2087","19","22","0.1064","10986.79"
"630","10552","2025-01-11","1300","145847.38","0.2125","84","30","0.1051","16739.66"
"631","9452","2025-07-08","1086","217718.75","0.0442","70","16","0.0864","50929.72"
"632","8340","2025-03-28","496","24906.8","0.0054","20","18","0.0506","36125.21"
"633","5646","2025-04-21","879","214902.92","0.1492","13","13","0.0266","12002.72"
"634","2404","2025-12-28","46","217072.4","0.028","75","21","0.1423","570.37"
"635","14230","2025-03-26","1134","75533.4","0.1143","19","26","0.0171","22231.75"
"636","13441","2025-01-02","1470","122595.15","0.1132","85","26","0.1257","45390.16"
"637","14140","2025-12-03","60","87669.69","0.1693","72","17","0.0308","42918.73"
"638","4131","2025-10-07","329","40377.87","0.0296","60","25","0.0454","46705.7"
"639","13996","2025-09-03","479","64729.05","0.0749","38","13","0.0321","42589.18"
"640","2992","2025-09-06","1255","79364.88","0.2133","84","17","0.0843","36689.87"
"641","3672","2025-12-20","427","63286.99","0.1359","40","22","0.1404","27692.48"
"642","13545","2025-04-01","1253","123474.93","0.2021","86","20","0.0507","2914.31"
"643","3811","2025-12-08","270","65049.67","0.2258","81","2","0.0926","18986.67"
"644","3331","2025-09-17","1288","260857.25","0.2271","73","14","0.0018","18010.67"
"645","3103","2025-02-03","1020","29092.73","0.1635","66","14","0.039","42140.79"
"646","2565","2025-02-14","1406","51567.64","0.0686","24","12","0.046","4482.46"
"647","10013","2025-01-19","1289","273990.24","0.0991","11","22","0.0452","34046.5"
"648","2248","2025-01-17","1746","192773.55","0.1846","86","19","0.0746","25101.72"
"649","9943","2025-01-23","1588","80647.37","0.1289","84","28","0.0616","48399.11"
"650","14774","2025-05-28","1783","223774.92","0.2492","24","7","0.0718","41799.14"
"651","11647","2025-06-21","1044","85209.34","0.1621","11","29","0.0958","45085.41"
"652","12986","2025-03-10","127","20354.51","0.1575","49","29","0.1089","33720.63"
"653","7530","2025-11-19","1156","136041.29","0.0298","66","10","0.0491","42349.92"
"654","12310","2025-11-26","724","260463.35","0.0232","42","14","0.0075","6480.67"
"655","8821","2025-12-17","1194","112782.07","0.0104","5","23","0.1289","24840.2"
"656","3341","2025-01-03","1548","57039.71","0.0102","47","19","0.0835","17283.55"
"657","14925","2025-09-11","412","219769.49","0.228","22","0","0.0425","28411.52"
"658","14512","2025-08-27","373","279055.53","0.1832","84","19","0.1515","51642.65"
"659","11471","2025-03-30","1375","52432.54","0.1516","52","11","0.1101","20244.33"
"660","2509","2025-02-08","1601","77524.29","0.0414","52","22","0.0215","9186.73"
"661","3819","2025-01-05","200","274376.87","0.0271","68","0","0.0491","22072.58"
"662","3357","2025-06-25","270","7572.69","0.1752","16","5","0.009","10868.48"
"663","5486","2025-04-17","937","231488.34","0.0379","69","13","0.0009","20395.25"
"664","9856","2025-11-29","1163","91106.25","0.2425","54","4","0.135","4393.47"
"665","3683","2025-12-28","1281","202276.58","0.0267","6","2","0.1042","40592.95"
"666","9434","2025-11-02","1746","251714.51","0.1681","64","13","0.0622","1766.21"
"667","12678","2025-03-18","1037","122897.84","0.2306","68","28","0.12","22112.22"
"668","234","2025-10-04","1715","112169.38","0.2022","66","12","0.0805","16468.62"
"669","6420","2025-06-16","546","12289.94","0.0297","22","27","0.061","13384.44"
"670","11739","2025-07-14","411","95003.8","0.2349","13","4","0.0352","34959.25"
"671","4947","2025-04-09","1641","28716.82","0.2421","46","16","0.0218","40086.58"
"672","3137","2025-10-13","16","273928.05","0.0168","48","17","0.1267","21762.34"
"673","13163","2025-07-19","322","195954.99","0.1599","84","10","0.1329","2038.2"
"674","292","2025-08-25","438","269765.2","0.16","60","27","0.1232","50679.97"
"675","6289","2025-06-21","865","199800.2","0.1859","84","0","0.1344","10322.84"
"676","10300","2025-05-02","1088","237151.21","0.0183","45","20","0.0259","15624.75"
"677","2773","2025-12-09","62","30050.63","0.0022","65","29","0.1592","26379.29"
"678","3452","2025-01-02","121","218832.28","0.1023","34","14","0.0396","6667.21"
"679","10777","2025-07-07","130","188245.16","0.0393","77","14","0.1455","51941.78"
"680","99","2025-07-31","1178","217054.32","0.2235","69","29","0.1133","28880.53"
"681","2725","2025-05-25","1528","132712.45","0.0853","74","11","0.1314","6899.91"
"682","9752","2025-12-06","430","267955.09","0.1611","42","24","0.0928","50889.67"
"683","12646","2025-09-16","377","141756.52","0.2494","27","2","0.0062","17100.83"
"684","7306","2025-12-11","1180","254298.29","0.132","8","12","0.0957","49168.16"
"685","2687","2025-01-19","1772","42322.35","0.1514","12","28","0.1412","46537.63"
"686","2496","2025-10-27","658","132566.67","0.0229","16","5","0.1486","12865.56"
"687","11937","2025-02-02","335","836.16","0.2415","49","27","0.0776","28344.21"
"688","4706","2025-08-24","1166","223169.05","0.1343","13","18","0.0525","17425.55"
"689","3655","2025-10-27","1732","121445.41","0.0684","2","14","0.0592","24825.55"
"690","9321","2025-05-12","1231","179069.31","0.0104","15","6","0.1488","49427.7"
"691","4343","2025-12-06","855","204457.95","0.1866","85","20","0.0071","79.64"
"692","10819","2025-12-15","1287","25878.03","0.0306","16","20","0.1522","14505.35"
"693","9281","2025-07-07","1485","141335.45","0.079","56","20","0.0658","45199.4"
"694","4309","2025-09-26","1419","11977.22","0.1235","67","15","0.1154","18592.73"
"695","9776","2025-07-24","65","152082.16","0.0517","49","18","0.0643","27578.6"
"696","3048","2025-06-14","923","250276.32","0.1652","61","29","0.0642","49259.06"
"697","5775","2025-08-22","983","1869.51","0.1273","29","25","0.1226","24342.36"
"698","4517","2025-04-09","122","166962.65","0.0153","11","30","0.0525","23993.97"
"699","13435","2025-03-08","82","163413.89","0.0532","48","23","0.0812","16811.94"
"700","1959","2025-03-17","1511","198587.83","0.0568","11","24","0.0798","44477.39"
"701","12595","2025-10-07","1490","252183.55","0.2005","30","17","0.0038","486.14"
"702","6958","2025-06-07","689","192899.92","0.1556","58","15","0.0936","46336.51"
"703","2545","2025-03-16","1437","239663.31","0.2169","4","18","0.1533","632.59"
"704","14710","2025-01-05","1279","34413.91","0.0185","64","18","0.021","42834.5"
"705","255","2025-11-25","1058","214770.06","0.2421","62","19","0.0065","24535.02"
"706","14390","2025-01-04","846","208211.88","0.0129","89","3","0.0221","39187.27"
"707","11778","2025-04-02","679","132140.07","0.1793","70","16","0.0812","14759.89"
"708","2339","2025-01-26","353","39679.14","0.0395","8","6","0.0317","26534.56"
"709","9246","2025-03-12","380","184118.72","0.0021","79","16","0.0441","26534.05"
"710","1052","2025-10-02","723","121783.01","0.0022","83","30","0.1456","24397.88"
"711","10940","2025-11-05","613","138957.85","0.1347","29","4","0.0203","48336.0"
"712","5367","2025-12-15","1607","96564.0","0.0542","80","27","0.0764","18534.72"
"713","483","2025-06-19","938","249966.28","0.0836","74","17","0.0813","6189.21"
"714","2266","2025-02-01","1553","151627.29","0.0286","5","4","0.0363","48548.7"
"715","1253","2025-05-29","47","19931.96","0.1776","22","7","0.1264","27294.75"
"716","13643","2025-09-14","1718","94164.41","0.1136","79","27","0.0732","13994.81"
"717","12327","2025-05-27","1779","115811.91","0.1374","22","5","0.146","30216.0"
"718","7711","2025-11-25","225","123514.85","0.0279","51","11","0.1119","20478.56"
"719","579","2025-04-15","226","139493.31","0.1493","69","8","0.0141","45200.52"
"720","13058","2025-03-18","156","171189.84","0.059","21","15","0.0467","45929.43"
"721","325","2025-10-06","237","181339.18","0.25","34","24","0.049","26819.63"
"722","668","2025-10-06","64","64978.79","0.0254","57","1","0.0993","38317.39"
"723","8726","2025-07-10","650","176950.76","0.2201","31","4","0.0386","38825.39"
"724","1557","2025-03-04","887","262433.1","0.193","73","29","0.1017","13594.28"
"725","2529","2025-06-08","429","97861.4","0.1535","56","28","0.0642","9240.04"
"726","3600","2025-02-16","1224","18230.8","0.2122","84","28","0.0659","49865.12"
"727","3090","2025-01-30","379","60251.48","0.0651","19","2","0.0742","17518.45"
"728","7413","2025-07-04","323","248954.46","0.0016","8","10","0.1407","21163.67"
"729","10819","2025-01-24","1762","100679.69","0.0317","23","18","0.1442","39129.0"
"730","10474","2025-12-04","1621","125137.14","0.0371","16","9","0.0298","45072.67"
"731","2892","2025-11-28","1266","103535.89","0.0652","2","21","0.0513","4046.22"
"732","8686","2025-01-04","977","161537.82","0.0925","33","13","0.0579","36116.97"
"733","6510","2025-02-10","983","49575.05","0.1982","14","29","0.1451","16344.57"
